,"IR Spectrum 2/O-PTIR","IR Spectrum 3/O-PTIR","IR Spectrum 4/O-PTIR","IR Spectrum 5/O-PTIR","IR Spectrum 6/O-PTIR","IR Spectrum 7/O-PTIR"
,-217.880004882813,-221.479995727539,-215.130004882813,-215.130004882813,-219.979995727539,-222.830001831055
,-2733.93994140625,-2729.84008789063,-2732.0400390625,-2739.5400390625,-2739.23999023438,-2734.68994140625
935,-1.87113928794861,-0.250061899423599,-1.81591510772705,-2.19678425788879,-2.57876110076904,-1.87198317050934
937,-0.846640348434448,1.83890640735626,-1.57181990146637,-2.60668873786926,-1.06815373897552,-1.61764442920685
939,0.646503686904907,3.82855153083801,-1.4392626285553,-2.52017641067505,0.251586526632309,-1.00459933280945
941,3.07461619377136,5.48091888427734,0.601147711277008,-2.00068354606628,2.16426181793213,0.857026398181915
943,4.31311368942261,6.45949172973633,1.75802779197693,-1.15342366695404,3.16008496284485,1.42413580417633
945,5.40441226959229,8.02071666717529,2.82037329673767,-0.635462284088135,3.88355588912964,2.19792437553406
947,5.64094018936157,9.31046485900879,3.21720170974731,-0.587435662746429,4.67728471755981,2.76670861244202
949,6.06221055984497,9.29281520843506,3.30691027641296,-0.162597686052322,4.84782123565674,2.65600895881653
951,6.56592321395874,9.96092987060547,3.43827795982361,0.275844603776932,5.29159498214722,3.16484093666077
953,6.60281229019165,10.4898233413696,4.28063344955444,0.472686916589737,5.98013162612915,3.60195994377136
955,7.0358738899231,10.7552814483643,4.9023814201355,0.859074890613556,6.34931802749634,3.8007287979126
957,7.27385091781616,11.3212299346924,5.1475772857666,1.13651323318481,6.46938848495483,4.09598541259766
959,7.53694581985474,11.7924098968506,5.31247663497925,1.20828974246979,6.5476131439209,4.49629688262939
961,7.72109508514404,12.1160545349121,5.39874744415283,1.1436163187027,6.80484580993652,4.54940795898438
963,8.02582263946533,12.7185497283936,5.47500324249268,1.34209156036377,7.07751083374023,4.88131952285767
965,8.22312927246094,13.2433452606201,5.62853717803955,1.58591687679291,7.45770311355591,5.08987808227539
967,8.44225311279297,13.6693201065063,5.90478324890137,1.57935190200806,7.85616159439087,5.27395868301392
969,8.74216842651367,14.1043729782104,6.13168144226074,1.69164431095123,7.81961297988892,5.53259563446045
971,8.92314529418945,13.8099708557129,6.09604501724243,1.75397062301636,7.8290057182312,5.52343606948853
973,9.20703792572021,13.9030771255493,6.22548818588257,1.79532277584076,8.0197114944458,5.67856454849243
975,9.35548210144043,14.1676025390625,6.52825403213501,1.88566660881042,8.14114093780518,5.80608034133911
977,9.64958190917969,14.5618934631348,6.84893131256104,2.07342576980591,8.43641757965088,5.90278244018555
979,10.0219058990479,15.0742540359497,7.01278209686279,2.20480275154114,8.6528902053833,6.05156564712524
981,10.0130214691162,15.2109479904175,7.21218872070313,2.29730558395386,8.73783874511719,6.19474744796753
983,10.2148113250732,15.4180307388306,7.30742025375366,2.32365155220032,8.87834167480469,6.28638029098511
985,10.3687734603882,15.5152893066406,7.325599193573,2.48576354980469,9.01045989990234,6.52434778213501
987,10.4886589050293,15.5682992935181,7.31318235397339,2.58411383628845,9.16520690917969,6.62548685073853
989,10.4135599136353,15.6546840667725,7.32814455032349,2.60016345977783,9.16405868530273,6.56103658676147
991,10.3527851104736,15.7285118103027,7.49019861221313,2.59779071807861,9.28355121612549,6.57986259460449
993,10.6035270690918,15.903416633606,7.65630722045898,2.54002165794373,9.53370952606201,6.67564344406128
995,10.8335046768188,16.0876216888428,7.80488157272339,2.50410509109497,9.58558750152588,6.80732679367065
997,10.9417181015015,16.2293586730957,7.88126373291016,2.65698170661926,9.70717525482178,6.94683170318604
999,11.1484546661377,16.6872253417969,7.8854284286499,2.78289365768433,9.73590087890625,7.00846719741821
1001,11.4060792922974,17.2588672637939,8.01208305358887,2.84854912757874,9.87337303161621,7.11333322525024
1003,11.6474981307983,17.7132530212402,8.15809535980225,2.82270336151123,10.0457305908203,7.25647592544556
1005,11.6722288131714,17.8445339202881,8.2191858291626,2.85349464416504,10.1258306503296,7.28281497955322
1007,11.7675848007202,17.9591445922852,8.26002407073975,2.8850736618042,10.2317523956299,7.36968231201172
1009,11.7556390762329,18.0044765472412,8.34198188781738,2.87097644805908,10.2358932495117,7.4508490562439
1011,11.8316164016724,18.2290134429932,8.49192905426025,2.92018580436707,10.3597812652588,7.40842151641846
1013,12.004077911377,18.6400451660156,8.54207324981689,2.96736788749695,10.5170049667358,7.48910903930664
1015,12.1998300552368,19.0755729675293,8.62466812133789,3.02816247940063,10.5818071365356,7.62019491195679
1017,12.4741191864014,19.4719619750977,8.66497707366943,3.13306593894958,10.7047939300537,7.72690534591675
1019,12.9339971542358,20.3080387115479,8.68496990203857,3.19208288192749,10.9254608154297,7.89629650115967
1021,13.4135341644287,21.1949043273926,8.74378299713135,3.2425262928009,11.1304721832275,8.1361837387085
1023,14.0604429244995,22.3236255645752,8.94179630279541,3.2946720123291,11.3020448684692,8.4317102432251
1025,15.074182510376,24.169864654541,9.26567268371582,3.49265599250793,11.6557912826538,8.83952713012695
1027,16.0926551818848,26.0493984222412,9.57982730865479,3.68283033370972,12.1909484863281,9.31362152099609
1029,16.4662590026855,26.5292434692383,9.67605972290039,3.68121862411499,12.4476909637451,9.42020225524902
1031,15.9590854644775,25.6165924072266,9.54062557220459,3.59430265426636,12.2073307037354,9.16958713531494
1033,14.7856111526489,23.576286315918,9.21333408355713,3.4301769733429,11.7335348129272,8.6328763961792
1035,13.5336265563965,21.4587993621826,8.94035243988037,3.31158566474915,11.2857551574707,8.12921237945557
1037,12.6998653411865,19.8268032073975,8.78195858001709,3.21217274665833,10.9598569869995,7.92393112182617
1039,12.3404951095581,19.1039943695068,8.71273803710938,3.14923882484436,10.7744750976563,7.82638931274414
1041,12.1174535751343,18.782434463501,8.64168548583984,3.10792303085327,10.7603673934937,7.74286031723022
1043,12.0218467712402,18.606876373291,8.63284015655518,3.10735106468201,10.6927804946899,7.69929647445679
1045,12.071967124939,18.5323696136475,8.71516895294189,3.13945508003235,10.6656789779663,7.62491607666016
1047,12.1525392532349,18.6519298553467,8.73478221893311,3.14060759544373,10.707218170166,7.70557975769043
1049,12.1785173416138,18.7392921447754,8.6860294342041,3.17669129371643,10.7595930099487,7.75480699539185
1051,12.2899122238159,19.0006675720215,8.64563179016113,3.16669225692749,10.8537673950195,7.76733875274658
1053,12.4127407073975,19.2104663848877,8.6334810256958,3.14204835891724,10.8596105575562,7.77842092514038
1055,12.4990711212158,19.3112392425537,8.61580181121826,3.16196084022522,10.8650360107422,7.79804086685181
1057,12.6955738067627,19.6315002441406,8.62453269958496,3.14802861213684,10.9245853424072,7.84097814559937
1059,12.8984680175781,20.0289516448975,8.6635103225708,3.17979550361633,10.9162664413452,7.87923526763916
1061,13.226357460022,20.5699996948242,8.7017126083374,3.23391675949097,11.0406646728516,7.97431755065918
1063,13.4743299484253,21.1926231384277,8.78094005584717,3.33193969726563,11.1908226013184,8.14226341247559
1065,13.8702621459961,21.8314304351807,8.85557270050049,3.4006073474884,11.3094968795776,8.32555866241455
1067,14.2128829956055,22.4060668945313,8.87247562408447,3.451664686203,11.4810266494751,8.48264122009277
1069,14.355507850647,22.7232685089111,8.94996356964111,3.46738076210022,11.5972061157227,8.5405445098877
1071,14.2524709701538,22.5828399658203,8.91747379302979,3.43445515632629,11.5306568145752,8.40055847167969
1073,13.9599237442017,22.048360824585,8.77412128448486,3.39614772796631,11.2635641098022,8.24812507629395
1075,13.6196699142456,21.2931575775146,8.58435726165771,3.39658951759338,11.0479440689087,8.09201908111572
1077,13.2004508972168,20.7298049926758,8.48496150970459,3.36261582374573,10.889687538147,7.9524450302124
1079,12.8853931427002,20.2511215209961,8.35731792449951,3.29532384872437,10.7466220855713,7.78342962265015
1081,12.7133045196533,19.7751426696777,8.25371170043945,3.23044896125793,10.7173309326172,7.69075965881348
1083,12.4874458312988,19.3974666595459,8.16552448272705,3.17131948471069,10.5396013259888,7.57895183563232
1085,12.3050909042358,18.9661254882813,8.09923267364502,3.10609889030457,10.4530563354492,7.49279117584229
1087,12.2022342681885,18.692195892334,8.08753776550293,3.07288336753845,10.4708662033081,7.46556091308594
1089,12.0305414199829,18.5142974853516,7.9951548576355,3.06182718276978,10.3390941619873,7.43332147598267
1091,12.0023956298828,18.407247543335,7.93862771987915,3.02122330665588,10.3202867507935,7.39413976669312
1093,11.9538946151733,18.3541965484619,7.90778398513794,3.05699324607849,10.2780694961548,7.36809682846069
1095,12.00475025177,18.3356037139893,7.88303279876709,3.07287740707397,10.2344551086426,7.33499717712402
1097,12.0101871490479,18.3453636169434,7.88694047927856,3.04077434539795,10.2201681137085,7.29477548599243
1099,11.9596471786499,18.2565841674805,7.85869789123535,3.04303359985352,10.1569833755493,7.29958152770996
1101,11.9509544372559,18.1180419921875,7.8525242805481,3.0649950504303,10.2231283187866,7.31294536590576
1103,11.9224891662598,18.1080417633057,7.80447387695313,3.05842995643616,10.1850080490112,7.25364398956299
1105,11.911789894104,18.0868988037109,7.7874174118042,3.0523476600647,10.1094493865967,7.22691106796265
1107,11.9346475601196,18.1750621795654,7.79092121124268,3.04633569717407,10.1180534362793,7.22333240509033
1109,11.9834632873535,18.1924934387207,7.80972290039063,3.05620169639587,10.1847162246704,7.25850820541382
1111,12.0369539260864,18.2426605224609,7.82338047027588,3.07503938674927,10.1849498748779,7.2748064994812
1113,12.1593351364136,18.3840465545654,7.78409433364868,3.08939647674561,10.1740665435791,7.2505464553833
1115,12.1493272781372,18.297420501709,7.76206207275391,3.10465574264526,10.179482460022,7.29299640655518
1117,12.0154085159302,18.1786022186279,7.6706690788269,3.08221173286438,10.1883602142334,7.26922035217285
1119,11.8752746582031,17.9256629943848,7.6054515838623,3.06510877609253,10.0666923522949,7.17729759216309
1121,11.8055620193481,17.7111854553223,7.55205678939819,3.03663086891174,9.99912643432617,7.17089557647705
1123,11.8050174713135,17.5873317718506,7.56071090698242,2.99378132820129,10.0461883544922,7.15022087097168
1125,11.7132558822632,17.4465255737305,7.56198358535767,2.99064564704895,9.9808988571167,7.14003610610962
1127,11.6343460083008,17.4076690673828,7.5420618057251,2.99570846557617,9.96659564971924,7.10803365707397
1129,11.6679754257202,17.4127578735352,7.57184839248657,2.97001552581787,9.98369598388672,7.02603244781494
1131,11.6556758880615,17.268949508667,7.50740146636963,2.97373533248901,9.87402725219727,6.99673843383789
1133,11.6164379119873,17.2478446960449,7.45425176620483,2.99929022789001,9.88415241241455,6.96372365951538
1135,11.5990686416626,17.2586708068848,7.45379018783569,2.9712028503418,9.80191802978516,6.92911958694458
1137,11.5992012023926,17.1900634765625,7.4506368637085,2.99173283576965,9.77682971954346,6.92255163192749
1139,11.6367902755737,17.1449298858643,7.43221712112427,3.03242158889771,9.8154878616333,6.94658708572388
1141,11.6639251708984,17.1684055328369,7.43221712112427,3.01095676422119,9.77384853363037,6.96307182312012
1143,11.6991090774536,17.2694339752197,7.34950494766235,2.92354583740234,9.80180072784424,6.9300971031189
1145,11.7340354919434,17.3261966705322,7.29292154312134,2.93400573730469,9.74617576599121,6.89607095718384
1147,11.7686328887939,17.4831275939941,7.33572721481323,2.96372103691101,9.77687835693359,6.95054531097412
1149,12.0566272735596,17.8259258270264,7.42967510223389,2.99929022789001,9.87382888793945,7.01561641693115
1151,12.553936958313,18.6010971069336,7.5646858215332,3.10252451896667,10.0663042068481,7.22276210784912
1153,13.1287269592285,19.536714553833,7.77710008621216,3.19249105453491,10.3217792510986,7.49152565002441
1155,13.2728223800659,19.7459392547607,7.824866771698,3.20020747184753,10.2889080047607,7.52839994430542
1157,12.8413648605347,19.0890464782715,7.64297342300415,3.1529426574707,10.1054534912109,7.27467727661133
1159,12.228120803833,18.0274200439453,7.32409286499023,3.04793214797974,9.83171367645264,6.97648191452026
1161,11.6295976638794,17.0500888824463,7.02525758743286,2.87706780433655,9.43728923797607,6.67197751998901
1163,11.2112264633179,16.4756374359131,6.85291957855225,2.77105736732483,9.27686309814453,6.44706583023071
1165,10.9683027267456,16.0212020874023,6.73232793807983,2.71439480781555,9.04167079925537,6.30136442184448
1167,10.7404003143311,15.7876033782959,6.66098594665527,2.67494702339172,8.92827796936035,6.22025203704834
1169,10.6109437942505,15.5220241546631,6.54435920715332,2.6653425693512,8.85040473937988,6.10930776596069
1171,10.4434633255005,15.3480978012085,6.37750101089478,2.64138889312744,8.74667835235596,6.0554027557373
1173,10.3959016799927,15.2902393341064,6.42160654067993,2.58791899681091,8.66048908233643,5.98389339447021
1175,10.4035501480103,15.392294883728,6.46068525314331,2.51931476593018,8.62549018859863,5.99205589294434
1177,10.6859121322632,15.722674369812,6.45621013641357,2.56523966789246,8.76769828796387,6.0756311416626
1179,11.1084175109863,16.3731861114502,6.60703039169312,2.62273716926575,8.92290115356445,6.29294729232788
1181,11.376293182373,16.7532577514648,6.62665891647339,2.76200914382935,9.01183223724365,6.40101480484009
1183,11.1364345550537,16.4119472503662,6.47440481185913,2.75787591934204,8.82815647125244,6.19433450698853
1185,10.5913305282593,15.6979427337646,6.23724889755249,2.59229159355164,8.505202293396,5.92888212203979
1187,10.1322708129883,14.9284725189209,5.96982669830322,2.41465735435486,8.23865795135498,5.75509738922119
1189,9.80642890930176,14.3332757949829,5.78028059005737,2.2655394077301,7.98477220535278,5.54067802429199
1191,9.4698314666748,13.8851776123047,5.57751607894897,2.16361212730408,7.84395790100098,5.32766914367676
1193,9.29144191741943,13.5832891464233,5.4167308807373,2.15020155906677,7.66646814346313,5.19217586517334
1195,9.081130027771,13.2996873855591,5.34502506256104,2.06908583641052,7.43305969238281,5.04330396652222
1197,8.8701696395874,13.01633644104,5.25747108459473,2.01385641098022,7.40309810638428,4.93528509140015
1199,8.66356086730957,12.6515970230103,4.99462747573853,1.98976421356201,7.20097255706787,4.73161935806274
1201,8.37534141540527,12.3462572097778,4.79912137985229,1.90982246398926,6.986891746521,4.56289434432983
1203,8.01992988586426,11.8615245819092,4.57138824462891,1.75752007961273,6.77725267410278,4.41852521896362
1205,7.64043045043945,11.3373241424561,4.34284162521362,1.69304120540619,6.51230049133301,4.21779108047485
1207,7.26320219039917,10.8242588043213,4.1319408416748,1.57171034812927,6.17624807357788,4.11311054229736
1209,6.84441947937012,10.2242031097412,3.94044256210327,1.50024199485779,5.89949512481689,3.83912324905396
1211,6.76032781600952,9.84059047698975,3.72333359718323,1.29573690891266,5.64811944961548,3.68515181541443
1213,6.29172039031982,9.20153617858887,3.48843550682068,1.1410973072052,5.27804088592529,3.45038938522339
1215,5.86325263977051,8.61722087860107,3.27365851402283,0.999703824520111,4.93966245651245,3.23573637008667
1217,5.46997880935669,8.08090019226074,3.07652306556702,0.869924187660217,4.62907791137695,3.03871440887451
1219,5.43986797332764,7.97017478942871,3.05563974380493,0.857027530670166,4.45266389846802,2.88608527183533
1221,5.22955274581909,7.74440670013428,3.07172226905823,0.719782471656799,4.2700514793396,2.74445939064026
1223,5.0979471206665,7.4211688041687,2.98530888557434,0.782128155231476,4.16503143310547,2.62060379981995
1225,4.80762147903442,7.00386714935303,2.76759099960327,0.696285247802734,4.0567455291748,2.48652720451355
1227,4.52965688705444,6.55210208892822,2.59229445457458,0.686022579669952,3.85954022407532,2.23328971862793
1229,4.14441823959351,6.15891122817993,2.40897822380066,0.674281299114227,3.58841490745544,2.07879662513733
1231,3.94135642051697,6.00633907318115,2.24449920654297,0.534048616886139,3.28421092033386,2.03969383239746
1233,3.85489535331726,5.81491279602051,2.05590152740479,0.453710526227951,3.03073883056641,1.93481910228729
1235,3.71971559524536,5.58425235748291,1.92923676967621,0.507849276065826,2.92106342315674,1.84255635738373
1237,3.56044125556946,5.22335815429688,1.80550038814545,0.537215113639832,2.65513849258423,1.69362127780914
1239,3.50433158874512,5.02332973480225,1.72559404373169,0.484730452299118,2.45532584190369,1.67567050457001
1241,3.28330087661743,4.964195728302,1.71266067028046,0.383798539638519,2.44514107704163,1.61716616153717
1243,3.1535964012146,4.96683692932129,1.648796916008,0.370666146278381,2.34048628807068,1.51882064342499
1245,3.07216215133667,4.77008485794067,1.68860185146332,0.354099899530411,2.0802435874939,1.54498815536499
1247,2.97866296768188,4.46152973175049,1.6804758310318,0.257316410541534,1.96274244785309,1.49585556983948
1249,2.95946836471558,4.31806135177612,1.62916052341461,0.266172885894775,1.88427579402924,1.33164143562317
1251,2.90476942062378,4.25849485397339,1.68626511096954,0.198973014950752,1.79068243503571,1.37509417533875
1253,2.76464676856995,4.22172451019287,1.64281404018402,0.187329590320587,1.81155252456665,1.24557793140411
1255,2.79195070266724,4.18714809417725,1.56962788105011,0.176933765411377,1.77929401397705,1.23215782642365
1257,2.80512762069702,4.15521621704102,1.51582443714142,0.17669789493084,1.72672176361084,1.28805720806122
1259,2.8133065700531,4.09187412261963,1.44828355312347,0.212485983967781,1.65018093585968,1.28666031360626
1261,2.7260468006134,4.09894704818726,1.51095378398895,0.242460608482361,1.54963600635529,1.20018374919891
1263,2.77127623558044,4.07002019882202,1.5645090341568,0.229475170373917,1.62389242649078,1.20645427703857
1265,2.78957581520081,4.04894399642944,1.55779564380646,0.217011004686356,1.63799893856049,1.2937091588974
1267,2.82011961936951,4.00168991088867,1.61604011058807,0.295573770999908,1.61737287044525,1.3329975605011
1269,2.84801554679871,3.88080787658691,1.69952344894409,0.331900537014008,1.6462070941925,1.31156527996063
1271,2.8638014793396,3.95444273948669,1.72620451450348,0.37995770573616,1.62479114532471,1.25118637084961
1273,2.99123001098633,4.05393743515015,1.74580597877502,0.389815509319305,1.61840176582336,1.36488783359528
1275,3.06508684158325,4.12651634216309,1.80879652500153,0.423537373542786,1.67023205757141,1.47514796257019
1277,3.18404674530029,4.29663944244385,1.86839365959167,0.400016248226166,1.63862812519073,1.45867109298706
1279,3.26602339744568,4.39864540100098,1.85024046897888,0.35304194688797,1.6221022605896,1.5237203836441
1281,3.30041670799255,4.4905858039856,1.88072037696838,0.375992119312286,1.65529203414917,1.62439608573914
1283,3.3161928653717,4.60174703598022,1.99564754962921,0.427366077899933,1.72254371643066,1.69485425949097
1285,3.3578565120697,4.6021876335144,2.06520414352417,0.424225062131882,1.75077402591705,1.73204219341278
1287,3.43856430053711,4.61194801330566,2.07417488098145,0.455345779657364,1.77130925655365,1.70242583751678
1289,3.58784484863281,4.69578981399536,2.07049632072449,0.50938469171524,1.82355380058289,1.73084831237793
1291,3.71664524078369,4.82245540618896,2.16197919845581,0.536235570907593,1.83128237724304,1.8263646364212
1293,3.84331750869751,4.94110012054443,2.26102876663208,0.514145731925964,1.85955333709717,1.90795600414276
1295,3.99868273735046,5.10717582702637,2.3822546005249,0.534588932991028,1.85722899436951,1.96583914756775
1297,4.09457683563232,5.27862787246704,2.47579193115234,0.637611746788025,1.91844606399536,2.02355313301086
1299,4.13933753967285,5.41582584381104,2.56871247291565,0.661680102348328,2.03961086273193,2.09600424766541
1301,4.31344175338745,5.55551910400391,2.65046119689941,0.656676948070526,2.11141777038574,2.19446015357971
1303,4.47623348236084,5.77483320236206,2.75505471229553,0.762362420558929,2.20412230491638,2.26099348068237
1305,4.60655832290649,6.00992393493652,2.85617303848267,0.802081227302551,2.31744432449341,2.41341423988342
1307,4.84759473800659,6.28511905670166,2.92556357383728,0.817509293556213,2.38738536834717,2.52482891082764
1309,5.04497957229614,6.50242614746094,3.02060675621033,0.87233692407608,2.475665807724,2.60606670379639
1311,5.12755155563354,6.72498559951782,3.15833950042725,0.856989562511444,2.55478096008301,2.66227865219116
1313,5.17652988433838,6.84609889984131,3.22964811325073,0.864971935749054,2.55876445770264,2.72391796112061
1315,5.20129728317261,6.86995220184326,3.17228198051453,0.927980959415436,2.50954747200012,2.75574898719788
1317,5.23064136505127,6.85743379592896,3.15328550338745,0.946762681007385,2.50557017326355,2.78204560279846
1319,5.23558235168457,6.93690395355225,3.17841577529907,0.961203396320343,2.51601386070251,2.77905917167664
1321,5.3431248664856,7.09135103225708,3.29973435401917,0.978348255157471,2.55385804176331,2.84589099884033
1323,5.50942802429199,7.33505249023438,3.42388558387756,0.967899262905121,2.67619156837463,2.9453296661377
1325,5.66543912887573,7.5700044631958,3.52900648117065,1.01195442676544,2.72676134109497,3.04222631454468
1327,5.86246633529663,7.78865814208984,3.56860589981079,1.08561503887177,2.81369829177856,3.10988616943359
1329,5.95323467254639,7.82772541046143,3.61403441429138,1.13956904411316,2.84352898597717,3.16231918334961
1331,5.92535305023193,7.81407260894775,3.61231327056885,1.09818649291992,2.82484126091003,3.20898842811584
1333,5.8613805770874,7.72868013381958,3.60932588577271,1.0340576171875,2.77931880950928,3.12575697898865
1335,5.82140159606934,7.68248414993286,3.57284688949585,1.01561987400055,2.72314119338989,3.04589867591858
1337,5.77910137176514,7.62128877639771,3.5195689201355,0.997105419635773,2.70696687698364,3.09176182746887
1339,5.6852560043335,7.63554048538208,3.55638933181763,1.01482892036438,2.73669695854187,3.16110801696777
1341,5.82842016220093,7.81407737731934,3.64697885513306,1.01335453987122,2.83799910545349,3.20400357246399
1343,6.02462577819824,8.05081748962402,3.72854900360107,1.03476703166962,2.90732455253601,3.30576348304749
1345,6.17889165878296,8.30544757843018,3.80553388595581,1.07848227024078,2.9886634349823,3.37325739860535
1347,6.36247062683105,8.52448463439941,3.925541639328,1.11068892478943,3.04572606086731,3.44316840171814
1349,6.49055194854736,8.64518356323242,3.94942355155945,1.10465836524963,3.05474734306335,3.55740022659302
1351,6.51902055740356,8.80050468444824,3.99115204811096,1.13718998432159,3.11550140380859,3.58434009552002
1353,6.548180103302,8.91903209686279,4.03283977508545,1.16086935997009,3.14847278594971,3.61460542678833
1355,6.62565183639526,9.03905200958252,4.07985210418701,1.19250702857971,3.17336463928223,3.70192623138428
1357,6.75014543533325,9.22110080718994,4.11461162567139,1.24614775180817,3.2721540927887,3.81267094612122
1359,6.90043497085571,9.42407989501953,4.17440032958984,1.28132295608521,3.36120057106018,3.90414595603943
1361,6.9772629737854,9.57923316955566,4.214599609375,1.30753076076508,3.40539264678955,3.90655589103699
1363,7.07154226303101,9.80460071563721,4.27981090545654,1.27951633930206,3.43824005126953,3.95989155769348
1365,7.15338277816772,9.9559440612793,4.33692502975464,1.29947125911713,3.54628396034241,3.96331334114075
1367,7.15470504760742,9.97609710693359,4.36717939376831,1.31743681430817,3.59458637237549,3.92668318748474
1369,7.18873739242554,10.1169900894165,4.33650827407837,1.30552542209625,3.63678812980652,3.97977066040039
1371,7.21824645996094,10.215259552002,4.34285974502563,1.33569359779358,3.68085765838623,4.00405073165894
1373,7.20833778381348,10.1501131057739,4.33404207229614,1.29639232158661,3.61526584625244,3.9864547252655
1375,7.04093933105469,9.89681911468506,4.25472831726074,1.27905070781708,3.53233218193054,3.86590957641602
1377,6.78906583786011,9.68144798278809,4.1402907371521,1.2180712223053,3.47460842132568,3.76476645469666
1379,6.599937915802,9.41862201690674,3.99869322776794,1.13485825061798,3.33901715278625,3.68269991874695
1381,6.39537048339844,9.05696964263916,3.85680222511292,1.09529411792755,3.18287944793701,3.60646939277649
1383,6.16645288467407,8.6987361907959,3.71871566772461,1.073734998703,3.05796027183533,3.49915456771851
1385,5.83579111099243,8.30978488922119,3.54199528694153,0.969164907932281,2.91749095916748,3.29779028892517
1387,5.54760885238647,7.82588291168213,3.31783223152161,0.909814178943634,2.73848795890808,3.07944202423096
1389,5.23579740524292,7.47733402252197,3.19033670425415,0.90451991558075,2.65353345870972,2.88094425201416
1391,4.96915292739868,7.10790967941284,3.03651571273804,0.830135583877563,2.54275941848755,2.79195022583008
1393,4.75357484817505,6.79007339477539,2.85102438926697,0.732529401779175,2.39026474952698,2.67717385292053
1395,4.64058399200439,6.52520942687988,2.7538595199585,0.696641087532043,2.28182935714722,2.57885050773621
1397,4.47656726837158,6.31630325317383,2.67443227767944,0.645050942897797,2.18753957748413,2.43244791030884
1399,4.31640291213989,6.14993381500244,2.60551118850708,0.655265986919403,2.12250423431396,2.31903648376465
1401,4.17591762542725,6.02826118469238,2.48285031318665,0.664175450801849,2.11858725547791,2.27695488929749
1403,4.03217649459839,5.85724925994873,2.3315703868866,0.637431621551514,1.98647391796112,2.23749828338623
1405,3.91566300392151,5.57611608505249,2.32578754425049,0.598586976528168,1.89128375053406,2.14849710464478
1407,3.77682971954346,5.34185600280762,2.21958017349243,0.577124178409576,1.82701063156128,2.03468823432922
1409,3.58721661567688,5.16595125198364,2.14630389213562,0.545900583267212,1.72170078754425,1.97446322441101
1411,3.40645718574524,5.01150512695313,2.07053303718567,0.522466480731964,1.64868581295013,1.91565704345703
1413,3.22741317749023,4.81397867202759,1.99776649475098,0.515579462051392,1.67737936973572,1.85923838615417
1415,3.09786796569824,4.60515022277832,1.92711102962494,0.481104999780655,1.58583116531372,1.76100647449493
1417,2.94812273979187,4.35400152206421,1.79050660133362,0.412620365619659,1.45084643363953,1.67491483688354
1419,2.86453461647034,4.10243892669678,1.75954174995422,0.330449044704437,1.30204713344574,1.61545789241791
1421,2.86064052581787,4.11604166030884,1.77408504486084,0.352573126554489,1.24312901496887,1.60872197151184
1423,2.8403742313385,4.12367343902588,1.6827597618103,0.35623687505722,1.24916219711304,1.54581797122955
1425,2.83943510055542,4.1699390411377,1.65397667884827,0.360637843608856,1.34458708763123,1.52757668495178
1427,2.82045936584473,4.32345390319824,1.68530869483948,0.367270946502686,1.45304548740387,1.53779184818268
1429,2.840487241745,4.53538799285889,1.74866724014282,0.369363993406296,1.49632859230042,1.63014328479767
1431,3.25556063652039,4.95677757263184,1.98235011100769,0.480407625436783,1.63406658172607,1.76730096340179
1433,3.83545756340027,5.76658630371094,2.28440451622009,0.633587062358856,1.91862046718597,2.07396245002747
1435,4.32411623001099,6.50259780883789,2.62279987335205,0.697413206100464,2.18731594085693,2.3484570980072
1437,5.54778909683228,8.25591278076172,3.32295036315918,0.960190832614899,2.81561779975891,3.02804350852966
1439,6.67705154418945,10.0679311752319,4.01113653182983,1.14066207408905,3.40519380569458,3.6222198009491
1441,7.83534526824951,11.9374647140503,4.79648971557617,1.4419207572937,4.05375623703003,4.20381593704224
1443,9.24408149719238,14.4191608428955,5.77137041091919,1.88199388980865,4.91373682022095,5.07457733154297
1445,10.9954700469971,16.9087162017822,6.81901741027832,2.38589406013489,5.87183713912964,6.06685018539429
1447,13.401216506958,20.1879215240479,8.24757194519043,2.96329140663147,6.90312099456787,7.19618082046509
1449,16.2242393493652,24.740291595459,10.1808452606201,3.51841068267822,8.38309574127197,8.78798770904541
1451,18.9530830383301,29.1407890319824,12.0496206283569,4.0550103187561,9.81369590759277,10.3266906738281
1453,21.5923805236816,33.3968887329102,13.8570747375488,4.57400178909302,11.1973524093628,11.8149013519287
1455,17.4542198181152,27.0306415557861,11.0643320083618,3.53094363212585,8.87917900085449,9.49024868011475
1457,10.7687730789185,16.6030311584473,6.6613507270813,2.01611471176147,5.19480895996094,5.56744289398193
1459,5.49086713790894,8.52763843536377,3.31757926940918,0.863503217697144,2.4446485042572,2.7553277015686
1461,3.78616118431091,5.8228063583374,2.2056577205658,0.500091195106506,1.68789541721344,1.95670533180237
1463,3.19585084915161,4.83861494064331,1.83279585838318,0.386299312114716,1.4047247171402,1.608158826828
1465,2.90738987922668,4.24773216247559,1.73347580432892,0.196126475930214,1.12500977516174,1.3396008014679
1467,2.65351915359497,3.81230401992798,1.50858938694,0.128297448158264,1.04382240772247,1.25668931007385
1469,2.37287592887878,3.65341472625732,1.30857586860657,0.168135747313499,0.988337159156799,1.17981553077698
1471,2.09284782409668,3.508633852005,1.14392220973969,0.244980543851852,0.775608658790588,1.05365335941315
1473,1.9165735244751,3.37228178977966,1.18717420101166,0.193937987089157,0.628431260585785,1.04228174686432
1475,2.13973879814148,3.22158551216125,1.38307106494904,0.177823826670647,0.658205330371857,1.00799202919006
1477,2.33691239356995,3.50832104682922,1.38856303691864,0.373076111078262,0.72107321023941,1.10804080963135
1479,2.45693492889404,3.67172622680664,1.46041548252106,0.406121671199799,0.850602328777313,1.25968325138092
1481,2.60819029808044,4.25112915039063,1.60671150684357,0.354454219341278,1.18087339401245,1.3870404958725
1483,3.27394104003906,5.26961421966553,2.0717248916626,0.363697230815887,1.38674247264862,1.7024302482605
1485,4.27349519729614,6.61549711227417,2.72078776359558,0.52369624376297,1.83385682106018,2.25703716278076
1487,5.94111251831055,9.41719722747803,3.7921679019928,0.780364811420441,2.77451753616333,3.09964084625244
1489,9.27243614196777,14.6838302612305,5.88827228546143,1.4683655500412,4.50980567932129,4.90817642211914
1491,18.2827548980713,28.6580486297607,11.6299409866333,3.74684357643127,9.28889942169189,10.045259475708
1493,21.9753856658936,34.3553428649902,14.0243864059448,4.65846967697144,11.2110872268677,12.058349609375
1495,18.7853927612305,29.1787891387939,11.8782005310059,3.77565097808838,9.28404808044434,10.1965160369873
1497,11.537784576416,17.5053653717041,7.08117628097534,2.01556277275085,5.50715732574463,5.89518547058105
1499,5.63217115402222,8.93744850158691,3.54742670059204,0.891176462173462,2.669109582901,2.76528072357178
1501,3.12186121940613,5.2339243888855,1.90928661823273,0.436389476060867,1.48805105686188,1.53004014492035
1503,2.06855440139771,3.51501107215881,1.11277294158936,0.274112820625305,0.923015236854553,1.06547546386719
1505,1.2513827085495,2.36019015312195,0.641717970371246,-0.0622317604720592,0.428834080696106,0.682479023933411
1507,0.713796257972717,1.67292523384094,-0.0826935917139053,-0.64243882894516,0.24180893599987,0.415568441152573
1509,0.793718993663788,1.56828510761261,0.319030076265335,-0.277915507555008,0.381030082702637,0.35022160410881
1511,0.860688447952271,1.61795926094055,0.447765171527863,-0.0492389053106308,0.224571391940117,0.34590819478035
1513,0.820751786231995,1.62569272518158,0.478850930929184,-0.16150751709938,0.269125938415527,0.206607773900032
1515,0.585870742797852,1.43379771709442,0.441384136676788,-0.154850363731384,0.161213755607605,0.24302165210247
1517,0.701852262020111,1.22510278224945,0.587086319923401,-0.245261773467064,0.208671882748604,0.296841472387314
1519,0.73762845993042,1.09070873260498,0.581476330757141,-0.451756924390793,0.238590359687805,0.377050936222076
1521,0.607660353183746,1.23906350135803,0.375664114952087,-0.25127300620079,0.146379128098488,0.683888673782349
1523,0.433975338935852,1.19288539886475,0.375270545482635,-0.0581034570932388,0.245661422610283,0.547439336776733
1525,0.563234210014343,1.26496016979218,0.285021483898163,-0.120671302080154,0.295173913240433,0.23151783645153
1527,0.720157265663147,1.41302514076233,0.366412699222565,-0.190884366631508,0.206789493560791,0.283065110445023
1529,0.811930358409882,1.4935005903244,0.390605062246323,-0.107695266604424,0.232449412345886,0.343982934951782
1531,0.883378624916077,1.54599750041962,0.332091927528381,-0.0561417900025845,0.279081910848618,0.533801913261414
1533,0.781540155410767,1.62654840946198,0.374486118555069,-0.137397542595863,0.210656270384789,0.404937088489532
1535,1.07509326934814,1.93397617340088,0.681226491928101,-0.064219743013382,0.416937261819839,0.455057173967361
1537,1.00788521766663,1.83106791973114,0.720296859741211,-0.0298961140215397,0.358398169279099,0.388812273740768
1539,0.71295553445816,1.41462206840515,0.676688015460968,0.0259042475372553,0.289609044790268,0.39758163690567
1541,0.830266416072845,1.58442986011505,0.510508596897125,-0.111156895756721,0.303357064723969,0.48740229010582
1543,1.00234031677246,1.98136878013611,0.529506623744965,-0.0875184535980225,0.417989432811737,0.489175349473953
1545,1.12538242340088,2.23136568069458,0.62298595905304,0.0449488386511803,0.478900879621506,0.588267982006073
1547,1.24249577522278,2.18098115921021,0.63447642326355,0.0803086534142494,0.569664001464844,0.644005298614502
1549,1.22433638572693,2.01966261863708,0.440414845943451,0.127827882766724,0.525432646274567,0.589467406272888
1551,1.13811349868774,1.90083348751068,0.518446683883667,0.100425571203232,0.51485002040863,0.576028764247894
1553,1.12272703647614,1.92666745185852,0.58711975812912,0.0458042398095131,0.427035123109818,0.514528810977936
1555,1.01682198047638,1.85893368721008,0.548549830913544,0.00182311388198286,0.344026952981949,0.412269592285156
1557,0.736432552337646,1.69873332977295,0.538259327411652,-0.00583963375538588,0.0336784049868584,0.295167654752731
1559,0.631921708583832,1.4895054101944,0.646961867809296,-0.00502086523920298,-0.0683727711439133,0.145019128918648
1561,0.986515760421753,1.53397226333618,0.702132940292358,0.0446031540632248,0.36446014046669,0.423214495182037
1563,1.12103378772736,1.74960720539093,0.742800652980804,0.0589570961892605,0.503109753131866,0.515209555625916
1565,1.16104698181152,1.91573512554169,0.730101466178894,0.104420363903046,0.506240606307983,0.568015336990356
1567,1.12314629554749,2.02045440673828,0.705563604831696,0.0952522829174995,0.51549243927002,0.595947980880737
1569,1.20000755786896,2.11045789718628,0.74777215719223,0.0916557908058167,0.528008759021759,0.557318687438965
1571,1.45680105686188,2.33073449134827,0.853235423564911,0.125402688980103,0.70587956905365,0.694634437561035
1573,1.59785532951355,2.46875810623169,0.928647220134735,0.156177461147308,0.778257846832275,0.769991993904114
1575,1.69075047969818,2.66659164428711,0.993541240692139,0.158222541213036,0.809458911418915,0.840728163719177
1577,2.0829381942749,3.3145968914032,1.29979419708252,0.254641652107239,1.03475570678711,1.07965993881226
1579,2.75816440582275,4.40157175064087,1.75200390815735,0.420460253953934,1.40322196483612,1.48579406738281
1581,3.66016554832458,5.76902723312378,2.34705829620361,0.613411128520966,1.82502925395966,1.91826725006104
1583,4.0234203338623,6.22568082809448,2.58117461204529,0.670850992202759,1.98136627674103,2.13412928581238
1585,3.73089456558228,5.67631769180298,2.34102654457092,0.619087517261505,1.75886857509613,1.93433749675751
1587,3.29824948310852,5.04736566543579,2.05333518981934,0.526105999946594,1.52776980400085,1.71766936779022
1589,3.18809294700623,4.96902990341187,1.99297535419464,0.518963396549225,1.53546440601349,1.66897344589233
1591,3.53198957443237,5.47908115386963,2.18750357627869,0.597696244716644,1.71883034706116,1.83787906169891
1593,4.10587644577026,6.35521364212036,2.54294872283936,0.704740107059479,2.04114294052124,2.13265562057495
1595,5.26537036895752,8.06426525115967,3.27400159835815,0.955574452877045,2.58515453338623,2.75604820251465
1597,7.07296657562256,10.9637928009033,4.45719528198242,1.41218173503876,3.51607227325439,3.81604170799255
1599,9.06458187103271,14.1091918945313,5.79262685775757,1.883953332901,4.54727792739868,4.89761686325073
1601,9.97686386108398,15.4496488571167,6.40210676193237,2.13951444625854,4.98360013961792,5.39049816131592
1603,9.06834888458252,13.9943809509277,5.81031799316406,1.96445417404175,4.53501129150391,4.88853597640991
1605,7.26170778274536,11.1325387954712,4.56372022628784,1.47905611991882,3.5269980430603,3.88893485069275
1607,5.45813798904419,8.32679080963135,3.38315534591675,1.04138946533203,2.58906435966492,2.88972854614258
1609,4.07393884658813,6.30839920043945,2.55414247512817,0.721526801586151,1.9489107131958,2.18202447891235
1611,3.33813881874084,5.07030248641968,2.11369252204895,0.577856838703156,1.61938393115997,1.73271226882935
1613,2.92539405822754,4.48032712936401,1.86886346340179,0.483094602823257,1.39223635196686,1.51051664352417
1615,2.70172524452209,4.13646984100342,1.75070977210999,0.316816598176956,1.20949685573578,1.37480962276459
1617,2.71018004417419,3.98993110656738,1.71494913101196,0.285904198884964,1.1862781047821,1.34183430671692
1619,2.59688758850098,3.9071741104126,1.66662907600403,0.281453639268875,1.17587172985077,1.41925990581512
1621,2.51746129989624,3.82457232475281,1.6452841758728,0.294261693954468,1.17681407928467,1.4414210319519
1623,2.64055633544922,3.87484192848206,1.62223052978516,0.279529303312302,1.17475891113281,1.41328454017639
1625,2.59557151794434,3.8894374370575,1.65471863746643,0.295806050300598,1.14617729187012,1.40293657779694
1627,2.58102679252625,3.9648060798645,1.69049823284149,0.268032729625702,1.13453078269958,1.36410748958588
1629,2.56510519981384,3.95558285713196,1.65362942218781,0.314628213644028,1.18424427509308,1.39885830879211
1631,2.52166080474854,3.89172697067261,1.63848972320557,0.316549569368362,1.23433780670166,1.38011038303375
1633,2.40748310089111,3.84595680236816,1.53838980197906,0.281293004751205,1.22295880317688,1.33445060253143
1635,2.31249237060547,3.7418155670166,1.43182718753815,0.198883891105652,1.17558479309082,1.26826989650726
1637,2.41296935081482,3.7376446723938,1.50598216056824,0.262543052434921,1.13235366344452,1.29289782047272
1639,2.5065393447876,3.78837108612061,1.53678750991821,0.334734737873077,1.11085164546967,1.37012910842896
1641,2.53071117401123,3.85800576210022,1.56282758712769,0.362920463085175,1.13194739818573,1.37654209136963
1643,2.49051928520203,3.79910969734192,1.56031405925751,0.319770187139511,1.1737734079361,1.3616601228714
1645,2.44052410125732,3.75719714164734,1.5015242099762,0.288263291120529,1.1826423406601,1.30893623828888
1647,2.42865777015686,4.02524948120117,1.54570090770721,0.324615210294724,1.22657465934753,1.31830441951752
1649,2.55459356307983,4.1600399017334,1.59684598445892,0.298413276672363,1.25624358654022,1.37587118148804
1651,2.43846011161804,4.03454208374023,1.4727954864502,0.219002395868301,1.14611840248108,1.30218851566315
1653,2.37914729118347,4.22066879272461,1.44765794277191,0.222992807626724,1.09780359268188,1.31659185886383
1655,2.71093916893005,4.46924638748169,1.6368020772934,0.338799893856049,1.26089668273926,1.47441577911377
1657,2.84754991531372,4.61478900909424,1.74392652511597,0.432841598987579,1.34782922267914,1.5252103805542
1659,2.92167544364929,4.80146551132202,1.81492745876312,0.481248766183853,1.46160769462585,1.53575074672699
1661,3.02395486831665,4.88352489471436,1.86074876785278,0.454144924879074,1.53367161750793,1.50939953327179
1663,3.207190990448,5.07542037963867,1.98500263690948,0.521712303161621,1.58200645446777,1.61876821517944
1665,3.25856804847717,5.16238307952881,2.06685876846313,0.500331044197083,1.60326790809631,1.71703040599823
1667,3.215252161026,5.11422491073608,2.05209183692932,0.491988152265549,1.55367302894592,1.65929937362671
1669,3.22675228118896,5.22021961212158,2.06695175170898,0.483649581670761,1.56376481056213,1.62303864955902
1671,3.30976271629333,5.35399436950684,2.1019811630249,0.489311903715134,1.62765562534332,1.68845772743225
1673,3.23486542701721,5.2917685508728,2.0774130821228,0.511297702789307,1.63937330245972,1.7338981628418
1675,3.27769351005554,5.34978580474854,2.14706230163574,0.547126352787018,1.58596074581146,1.76052236557007
1677,3.32745385169983,5.33055067062378,2.14183259010315,0.562520980834961,1.60964787006378,1.72310793399811
1679,3.35033297538757,5.32714653015137,2.09152936935425,0.56683760881424,1.5876350402832,1.69041550159454
1681,3.2959132194519,5.22673511505127,2.05812644958496,0.520477056503296,1.54456567764282,1.63898515701294
1683,3.22530722618103,5.06145143508911,1.91875422000885,0.4663026034832,1.42962872982025,1.55371057987213
1685,3.1651291847229,5.18948030471802,1.9270339012146,0.478737086057663,1.46583735942841,1.58571839332581
1687,3.11801719665527,5.19319248199463,1.94414365291595,0.587513744831085,1.49547445774078,1.60708498954773
1689,3.08068346977234,5.16764163970947,1.93782913684845,0.539506793022156,1.4781574010849,1.58893775939941
1691,3.01483416557312,5.12240505218506,1.93921291828156,0.497211694717407,1.46313786506653,1.59459555149078
1693,2.97913146018982,4.98398590087891,1.89761090278625,0.447849333286285,1.43362557888031,1.53778564929962
1695,2.95345854759216,4.87309074401855,1.8523280620575,0.355361223220825,1.42298686504364,1.42383432388306
1697,2.87533140182495,4.79508447647095,1.84283375740051,0.389883816242218,1.4570620059967,1.38390219211578
1699,2.73716926574707,4.62681579589844,1.66577076911926,0.33691793680191,1.32361328601837,1.14534652233124
1701,2.78704953193665,4.64657640457153,1.61829400062561,0.408259481191635,1.29702079296112,1.19180524349213
1703,2.70905661582947,4.51285696029663,1.61584329605103,0.421007812023163,1.24088716506958,1.23801577091217
1705,2.59576773643494,4.37400960922241,1.55749571323395,0.33378541469574,1.24542260169983,1.18997824192047
1707,2.55684733390808,4.30232381820679,1.56957185268402,0.342399418354034,1.21843409538269,1.2143120765686
1709,2.46029114723206,4.20695781707764,1.49962937831879,0.344011336565018,1.19740784168243,1.25037693977356
1711,2.32487940788269,4.06293630599976,1.45460093021393,0.332556486129761,1.1933422088623,1.21738946437836
1713,2.26736354827881,3.91174674034119,1.38632524013519,0.326805889606476,1.14175045490265,1.15002799034119
1715,2.09122323989868,3.73315954208374,1.31968486309052,0.319906026124954,1.09262704849243,1.06877422332764
1717,1.98086869716644,3.67223072052002,1.17911660671234,0.213048323988914,0.957869529724121,1.00210428237915
1719,2.0548357963562,3.71484160423279,1.23734545707703,0.217738538980484,0.96784383058548,1.04233539104462
1721,2.09121179580688,3.68310832977295,1.31799674034119,0.219005793333054,1.00299119949341,1.06434392929077
1723,2.10609984397888,3.60932612419128,1.29113507270813,0.219469428062439,1.02337443828583,1.01270306110382
1725,2.04552030563354,3.65509748458862,1.24371898174286,0.226614460349083,1.01906740665436,0.975801229476929
1727,2.06060791015625,3.61927485466003,1.19743394851685,0.292617648839951,1.06671369075775,0.984502792358398
1729,2.02795481681824,3.59370994567871,1.19128322601318,0.314092248678207,1.04726529121399,0.999865293502808
1731,2.02023339271545,3.58605194091797,1.22996771335602,0.245534211397171,1.0092601776123,1.02153444290161
1733,1.97890663146973,3.73197174072266,1.22537183761597,0.193276599049568,0.99780261516571,0.964886426925659
1735,2.18573713302612,3.98383975028992,1.26420533657074,0.270632714033127,1.12275063991547,0.971290409564972
1737,2.25784206390381,4.02170324325562,1.35707545280457,0.219483554363251,1.15779983997345,0.979087769985199
1739,2.17734217643738,4.03310060501099,1.34642767906189,0.220095917582512,1.13470423221588,1.02412760257721
1741,2.15694046020508,4.08778810501099,1.33497536182404,0.230418637394905,1.1271595954895,0.937036097049713
1743,2.09536075592041,3.95273590087891,1.293008685112,0.259639084339142,1.07715785503387,0.887454688549042
1745,2.03072905540466,3.67722201347351,1.22859060764313,0.204723373055458,0.985274791717529,0.951849937438965
1747,1.94263541698456,3.39072370529175,1.11779141426086,0.164188757538795,0.930178225040436,0.9118772149086
1749,1.86408400535583,3.07951736450195,1.02105844020844,0.208879232406616,0.824929237365723,0.737737536430359
1751,1.70412743091583,2.86898708343506,0.977668046951294,0.13332125544548,0.707127928733826,0.682026088237762
1753,1.51711118221283,2.62493133544922,0.849843323230743,0.127059876918793,0.652828454971313,0.660527110099792
1755,1.38818037509918,2.32697463035583,0.743569433689117,0.00823410972952843,0.537279069423676,0.613935351371765
1757,1.19395065307617,2.04798221588135,0.723027527332306,-0.0420919135212898,0.424917906522751,0.609196066856384
1759,1.04693078994751,1.95694637298584,0.656151294708252,0.0146575588732958,0.388289779424667,0.513272941112518
1761,0.904522299766541,1.7585871219635,0.568827927112579,0.0319213345646858,0.389061540365219,0.445561856031418
1763,0.826664626598358,1.59051239490509,0.551803886890411,0.0188497025519609,0.397202253341675,0.423923909664154
1765,0.71362179517746,1.52075207233429,0.581905961036682,0.0200204327702522,0.376329958438873,0.385140150785446
1767,0.7396280169487,1.49347376823425,0.505830228328705,-0.0122451866045594,0.240059837698936,0.274936556816101
1769,0.735004007816315,1.39568293094635,0.359146922826767,-0.0926271826028824,0.136343032121658,0.247118890285492
1771,0.618222177028656,1.20995211601257,0.327429801225662,-0.129921421408653,0.214260622859001,0.220222771167755
1773,0.542877614498138,1.24660933017731,0.449406296014786,-0.10645730048418,0.344641357660294,0.250013142824173
1775,0.64795583486557,1.3728278875351,0.420301616191864,-0.114501692354679,0.284990966320038,0.18733549118042
1777,0.650864601135254,1.46200048923492,0.384333848953247,-0.0641859546303749,0.209215566515923,0.205153837800026
1779,0.573907792568207,1.42694997787476,0.409826785326004,-0.00190520437899977,0.210326641798019,0.289116591215134
1781,0.530847370624542,1.28931903839111,0.485996186733246,0.0348180010914803,0.17108590900898,0.181993693113327
1783,0.570455968379974,1.15885007381439,0.42791473865509,-0.0726132988929749,0.135760739445686,0.0876880064606667
1785,0.779894113540649,1.01861071586609,0.358334183692932,-0.0441495105624199,0.155151590704918,0.178473323583603
1787,0.761966347694397,1.08425450325012,0.41384145617485,-0.0409705452620983,0.218333572149277,0.198069304227829
1789,0.585088968276978,1.26206493377686,0.407094448804855,0.0398581698536873,0.222787111997604,0.221202597022057
1791,0.514184713363647,1.44849145412445,0.288672894239426,0.0590615347027779,0.330530077219009,0.0937315076589584
1793,0.83327978849411,1.67478239536285,0.529499173164368,-0.0950209423899651,0.51090270280838,0.264922767877579
1795,1.02198994159698,2.04700994491577,0.711471080780029,-0.0771999582648277,0.402862250804901,0.378513425588608
1797,1.01193726062775,2.23579382896423,0.608110547065735,-0.0607020445168018,0.421817421913147,0.370119661092758
1799,0.816795766353607,2.24214053153992,0.344508737325668,-0.133259192109108,0.412377506494522,0.556864738464355
2687,0.683886110782623,1.85389125347137,0.433373272418976,-0.242015808820724,0.438206434249878,0.506077468395233
2689,0.42508801817894,1.0979026556015,0.606407940387726,-0.453783690929413,0.488499730825424,0.407185912132263
2691,-0.299364149570465,-1.0183322429657,1.09078288078308,-1.04658436775208,0.629285633563995,0.130359247326851
2693,-0.147728055715561,0.012945344671607,0.400359094142914,-0.313883692026138,0.214165478944778,0.169086396694183
2695,-0.0516294129192829,0.739138722419739,0.0749127790331841,0.408324986696243,0.139894232153893,-0.302416294813156
2697,0.228560745716095,0.203086823225021,0.509886384010315,0.351679801940918,-0.247481122612953,-0.014152342453599
2699,0.304746598005295,-0.107018664479256,0.14819061756134,-0.144109547138214,-0.432448714971542,0.438830643892288
2701,0.189378753304482,0.316982418298721,-0.0809661000967026,-0.159111395478249,-0.203105792403221,0.812249481678009
2703,-0.0289567653089762,0.355028659105301,0.0767441093921661,0.192823305726051,-0.461839914321899,0.789352595806122
2705,0.148702010512352,0.680740118026733,0.816584646701813,-0.0166161246597767,-0.238586783409119,0.184495434165001
2707,-0.00729093700647354,0.447366744279861,0.799037337303162,-0.0635116249322891,-0.06675985455513,-0.00382354483008385
2709,-0.0409438982605934,0.408642143011093,0.416182994842529,0.117819428443909,-0.041320089250803,0.255519419908524
2711,0.172567173838615,0.180928379297256,0.378757417201996,0.220332697033882,-0.202877283096313,0.367499202489853
2713,0.61401629447937,0.382021427154541,0.553732633590698,0.02226647362113,-0.150178074836731,0.300297200679779
2715,0.527307689189911,0.801575005054474,0.327438861131668,-0.227073356509209,-0.140487968921661,-0.0509223826229572
2717,0.689096510410309,1.09244573116302,0.249577686190605,-0.359015315771103,0.0666190609335899,0.0511713773012161
2719,0.536360919475555,0.797934293746948,0.288373947143555,-0.18588088452816,0.022588761523366,0.249895080924034
2721,0.311655521392822,0.78743839263916,0.238846227526665,-0.0602843910455704,0.136968612670898,0.189488172531128
2723,0.171911329030991,0.889374077320099,0.537153363227844,0.0110024614259601,0.183259338140488,0.0575015693902969
2725,0.353591948747635,0.904115796089172,0.706318438053131,0.0461603105068207,0.185842022299767,0.170701444149017
2727,0.577170789241791,0.766848146915436,0.614847838878632,-0.142116740345955,0.0873576551675797,0.260363668203354
2729,0.551441729068756,0.561505556106567,0.626724541187286,-0.0709335952997208,0.0458043739199638,0.242854744195938
2731,0.48814532160759,0.596555829048157,0.656185507774353,0.0401225425302982,-0.0390254482626915,0.210257709026337
2733,0.493103384971619,0.638938724994659,0.639601230621338,-0.0447038859128952,-0.0100782345980406,0.291068911552429
2735,0.275796830654144,0.691973865032196,0.63458240032196,-0.0199045334011316,0.0367819219827652,0.352374374866486
2737,0.319427222013474,0.630431771278381,0.676183879375458,0.0983622372150421,0.113194078207016,0.373410522937775
2739,0.330265671014786,0.806748330593109,0.484661936759949,0.0242984183132648,0.210145980119705,0.364632189273834
2741,0.277368605136871,0.916422128677368,0.419825375080109,-0.0834481194615364,0.276717305183411,0.303545415401459
2743,0.200380221009254,0.716990292072296,0.462144762277603,-0.0761072561144829,0.324627459049225,0.241039663553238
2745,0.412221193313599,0.700990736484528,0.400481849908829,-0.0109232235699892,0.252973347902298,0.344144582748413
2747,0.524658799171448,0.768970668315887,0.353777974843979,0.0312704816460609,0.156758815050125,0.398481458425522
2749,0.623491942882538,0.893843948841095,0.340157479047775,-0.0145447067916393,0.0958112254738808,0.292463213205338
2751,0.504195988178253,0.923280894756317,0.305065333843231,-0.0519349165260792,0.128865212202072,0.325228750705719
2753,0.514111161231995,1.03385138511658,0.229397937655449,-0.089855745434761,0.203197941184044,0.374873131513596
2755,0.548405587673187,0.948973476886749,0.311927556991577,0.0274659879505634,0.242404937744141,0.36322420835495
2757,0.59566605091095,1.07054114341736,0.420680493116379,0.10360923409462,0.0999968573451042,0.321740686893463
2759,0.620561301708221,1.00468683242798,0.528022050857544,0.0778481513261795,0.107714161276817,0.308026134967804
2761,0.48077604174614,0.974118947982788,0.615656077861786,0.0732249543070793,0.140345081686974,0.360866874456406
2763,0.395715206861496,1.09897816181183,0.611472189426422,0.0155270313844085,0.158659517765045,0.423603475093842
2765,0.363576650619507,1.15765035152435,0.546428918838501,0.0344918519258499,0.23423744738102,0.488454520702362
2767,0.517471611499786,1.06351506710052,0.448978811502457,0.0381169468164444,0.255534023046494,0.506928980350494
2769,0.674447357654572,0.952234268188477,0.427658468484879,0.141053840517998,0.295176714658737,0.365642428398132
2771,0.726456582546234,0.952252745628357,0.527933716773987,0.111533515155315,0.391435354948044,0.352074533700943
2773,0.679413855075836,0.964580953121185,0.586166381835938,0.0294379480183125,0.359947979450226,0.418511360883713
2775,0.715724647045135,1.09269022941589,0.47815802693367,-0.0468581467866898,0.341882914304733,0.471508532762527
2777,0.69525820016861,1.10583984851837,0.496738106012344,0.00689844274893403,0.370951622724533,0.421661555767059
2779,0.837008595466614,1.14609313011169,0.509177982807159,0.0185571797192097,0.344370782375336,0.461977392435074
2781,0.85531097650528,1.14103257656097,0.513208210468292,-0.0186535958200693,0.286892414093018,0.452799946069717
2783,0.861003160476685,1.08649706840515,0.485562741756439,0.033116951584816,0.310447812080383,0.489008784294128
2785,0.810484230518341,1.05903232097626,0.485113114118576,0.0277403425425291,0.344844222068787,0.523217916488647
2787,0.737472116947174,1.09564304351807,0.542446494102478,0.0011471314355731,0.317713797092438,0.476984649896622
2789,0.751130342483521,1.14569163322449,0.538808166980743,-0.00430126115679741,0.233766064047813,0.453115731477737
2791,0.780865252017975,1.18681764602661,0.60774827003479,0.0526199117302895,0.255043685436249,0.433647990226746
2793,0.869294941425323,1.17767858505249,0.659636080265045,0.120636224746704,0.246039763092995,0.443343430757523
2795,0.792181313037872,1.08477365970612,0.672028362751007,0.130911305546761,0.283200740814209,0.404655396938324
2797,0.713387370109558,1.0947517156601,0.733348250389099,0.149087339639664,0.305999279022217,0.469276607036591
2799,0.77075582742691,1.20948815345764,0.674139201641083,0.119425915181637,0.334064692258835,0.508281171321869
2801,0.838878989219666,1.3033983707428,0.730194568634033,0.00841677375137806,0.429319530725479,0.508711874485016
2803,0.899370431900024,1.4951034784317,0.766063332557678,-0.0322848707437515,0.416787952184677,0.498155802488327
2805,0.896671652793884,1.4057525396347,0.746894717216492,0.020314771682024,0.397692799568176,0.575381875038147
2807,0.961930096149445,1.41697704792023,0.770186245441437,0.0848845690488815,0.361578822135925,0.627484321594238
2809,1.02061367034912,1.44827663898468,0.830182373523712,0.110523752868176,0.398462980985641,0.569688975811005
2811,1.01677930355072,1.55684304237366,0.788425803184509,0.047519389539957,0.48008731007576,0.477709919214249
2813,1.087233543396,1.46905946731567,0.785261631011963,-0.0197158940136433,0.549370348453522,0.508975863456726
2815,1.03875029087067,1.46132755279541,0.822306513786316,0.0115697514265776,0.525053262710571,0.609511256217957
2817,1.01023316383362,1.42012286186218,0.879855334758759,0.0886170417070389,0.398021936416626,0.669829607009888
2819,1.13899719715118,1.51578330993652,0.848616659641266,0.0982609167695045,0.468021392822266,0.691727340221405
2821,1.19897568225861,1.53007936477661,0.850426316261292,0.137991145253181,0.529569983482361,0.672675609588623
2823,1.15054762363434,1.5739551782608,0.868342518806458,0.135238811373711,0.577935934066772,0.668160021305084
2825,1.2490006685257,1.7532023191452,0.992585003376007,0.138215482234955,0.562572658061981,0.649111211299896
2827,1.27972114086151,2.03151035308838,1.06237435340881,0.123951479792595,0.576872408390045,0.717292368412018
2829,1.30978417396545,2.18692350387573,1.17607140541077,0.0984368845820427,0.625598669052124,0.879631102085114
2831,1.46090066432953,2.33284187316895,1.14789199829102,0.0929090902209282,0.727135598659515,0.945122003555298
2833,1.64329767227173,2.67441034317017,1.20472133159637,0.219378411769867,0.83610212802887,1.08131575584412
2835,2.0838475227356,3.18685865402222,1.49268960952759,0.233692511916161,1.04894208908081,1.30187749862671
2837,2.74107694625854,3.97579717636108,2.03160429000854,0.295725136995316,1.36176991462708,1.64927303791046
2839,3.57834887504578,5.05306196212769,2.70712304115295,0.522251665592194,1.73033940792084,2.15703558921814
2841,4.55872869491577,6.48978328704834,3.46564102172852,0.705531597137451,2.25679731369019,2.82920742034912
2843,5.46580219268799,8.1344518661499,4.23914289474487,0.882341682910919,2.8009889125824,3.44675731658936
2845,6.3716139793396,9.63639068603516,4.96884727478027,1.06292462348938,3.34347176551819,4.05441904067993
2847,7.19950771331787,10.5830144882202,5.46829175949097,1.13157832622528,3.67380952835083,4.44730138778687
2849,7.55661058425903,11.1200132369995,5.80196905136108,1.25747632980347,3.86055779457092,4.56031942367554
2851,7.44883012771606,11.1937999725342,5.81943702697754,1.29302620887756,3.92366909980774,4.58463382720947
2853,7.1329174041748,10.6816148757935,5.53119468688965,1.29632496833801,3.72640562057495,4.44830369949341
2855,6.57432842254639,9.96832084655762,5.06405687332153,1.13837146759033,3.34124636650085,4.12820434570313
2857,6.0949535369873,8.93856334686279,4.68922424316406,1.02788984775543,3.0015230178833,3.69229936599731
2859,5.48613452911377,7.93788909912109,4.22088193893433,0.934213042259216,2.70987510681152,3.27527046203613
2861,4.88417434692383,7.16687107086182,3.79244637489319,0.792328119277954,2.51153373718262,2.9123740196228
2863,4.35239124298096,6.49176549911499,3.37302660942078,0.70301878452301,2.27765202522278,2.61428070068359
2865,3.94529509544373,5.86478805541992,3.03544878959656,0.617895662784576,2.13433313369751,2.37979030609131
2867,3.80459976196289,5.40074586868286,2.79235768318176,0.532983779907227,1.93448877334595,2.30936622619629
2869,3.72648310661316,5.20285272598267,2.69421458244324,0.5849249958992,1.83184385299683,2.22737622261047
2871,3.67718148231506,5.2374095916748,2.77349424362183,0.590629518032074,1.81940042972565,2.27526307106018
2873,3.82074165344238,5.26003217697144,2.80365633964539,0.598181545734406,1.74966371059418,2.24844813346863
2875,3.93365168571472,5.44257402420044,2.84213304519653,0.582276880741119,1.76409184932709,2.26664733886719
2877,4.02942800521851,5.80344820022583,3.0294783115387,0.560735404491425,1.96154057979584,2.32617568969727
2879,4.24367046356201,6.13784217834473,3.15694832801819,0.63312441110611,2.13475060462952,2.41760921478271
2881,4.48347282409668,6.58436489105225,3.30891156196594,0.635102033615112,2.26775670051575,2.6319272518158
2883,4.74212169647217,7.05557203292847,3.5996196269989,0.692706704139709,2.38259100914001,2.74711203575134
2885,5.04329633712769,7.36129570007324,3.84483885765076,0.768845200538635,2.59771418571472,2.96324849128723
2887,5.40019702911377,7.68660306930542,3.99643492698669,0.811164557933807,2.68940687179565,3.15231370925903
2889,5.66894721984863,8.053635597229,4.11281728744507,0.873678743839264,2.76906037330627,3.30443811416626
2891,6.04781866073608,8.3761568069458,4.41202306747437,0.942779541015625,2.90118885040283,3.42719173431396
2893,6.34444046020508,8.88263893127441,4.79142808914185,1.00463199615479,3.1519775390625,3.64521718025208
2895,6.74534130096436,9.78836727142334,5.15786361694336,1.06762516498566,3.4489369392395,4.07004451751709
2897,7.31068325042725,10.8429460525513,5.5542311668396,1.22849869728088,3.72919654846191,4.49768209457397
2899,8.17703819274902,12.0172004699707,6.21297311782837,1.40769064426422,4.14864540100098,4.93771076202393
2901,9.22770595550537,13.4324331283569,6.94043111801147,1.61611473560333,4.62735176086426,5.48152780532837
2903,10.2823400497437,14.934814453125,7.63766574859619,1.78348994255066,5.15688133239746,6.02432632446289
2905,11.6902961730957,16.7485485076904,8.65721988677979,2.05246996879578,5.91523933410645,6.78946971893311
2907,12.8466711044312,18.6815414428711,9.6646203994751,2.32165193557739,6.58258724212646,7.54273509979248
2909,14.0888214111328,20.6540336608887,10.7077884674072,2.60018873214722,7.26331758499146,8.33619976043701
2911,15.552864074707,22.6807708740234,11.886664390564,2.87687993049622,8.00088691711426,9.14687728881836
2913,16.9554615020752,24.8485527038574,12.9430856704712,3.03029274940491,8.84135818481445,10.013503074646
2915,18.4359188079834,27.1402778625488,14.0095615386963,3.18473649024963,9.65232563018799,10.8789710998535
2917,19.7483463287354,29.1649990081787,15.0292978286743,3.53336191177368,10.3660163879395,11.7334241867065
2919,21.0003185272217,31.0626525878906,16.0564632415771,4.01933908462524,11.0106821060181,12.3791971206665
2921,21.936450958252,32.5194358825684,16.8659973144531,4.14873361587524,11.5830421447754,12.9548692703247
2923,22.6975402832031,33.239818572998,17.4182529449463,4.25116729736328,11.8099842071533,13.3565235137939
2925,22.6658554077148,33.4709548950195,17.4606189727783,4.30479049682617,11.7838850021362,13.2869815826416
2927,22.0403347015381,32.9301910400391,16.965799331665,4.10163116455078,11.6243171691895,12.8830184936523
2929,21.102409362793,31.6651916503906,16.2882232666016,3.74315905570984,11.1758413314819,12.3315572738647
2931,19.7610397338867,29.2539577484131,14.9687538146973,3.37203788757324,10.4585103988647,11.3925323486328
2933,18.221435546875,26.8630027770996,13.4659128189087,3.12021493911743,9.60124492645264,10.5164155960083
2935,16.3865337371826,23.9915332794189,12.1863698959351,2.91037440299988,8.6659517288208,9.55465030670166
2937,14.2658452987671,21.2273406982422,10.8950929641724,2.46785378456116,7.62529134750366,8.47360992431641
2939,12.7022113800049,19.0316562652588,9.48679542541504,2.09884881973267,6.78941822052002,7.46759510040283
2941,11.1075134277344,16.6975975036621,8.04930973052979,1.48795664310455,5.76446676254272,6.48692655563354
2943,9.46271896362305,14.3840160369873,6.93837690353394,1.31025838851929,4.71852779388428,5.46995067596436
2945,7.99998569488525,12.2910947799683,6.11534070968628,1.33814227581024,4.06326484680176,5.00635814666748
2947,6.92984771728516,10.716965675354,5.09629344940186,1.12348532676697,3.50017285346985,4.13447332382202
2949,6.08435678482056,9.33213043212891,4.0878438949585,0.69605964422226,3.13533806800842,3.32995319366455
2951,5.44524049758911,8.0355339050293,3.68916177749634,0.223469585180283,2.68154239654541,2.795170545578
2953,4.47781085968018,6.33164834976196,3.24690842628479,0.193511635065079,2.30072832107544,2.25844097137451
2955,3.82676148414612,5.63114309310913,2.79939126968384,0.174009367823601,1.94647717475891,2.05711436271667
2957,3.26827883720398,5.05207538604736,2.14943742752075,-0.0447771288454533,1.76823592185974,1.96347308158875
2959,2.92432475090027,4.31059408187866,1.77215719223022,-0.121404156088829,1.39016485214233,1.61139798164368
2961,2.94620323181152,3.72594833374023,1.4668036699295,0.202299743890762,1.30629324913025,1.49363708496094
2963,2.84835767745972,3.68034076690674,1.72078335285187,0.34077176451683,1.06173193454742,0.995283544063568
2965,2.14692831039429,3.77119541168213,1.6980744600296,0.146747976541519,1.15557503700256,0.920098900794983
2967,1.85450792312622,2.99991917610168,1.30397236347198,-0.361017107963562,1.46018266677856,0.89694756269455
2969,1.45883810520172,2.44606423377991,0.913334429264069,-0.113261662423611,0.719768464565277,0.652278423309326
2971,1.4918999671936,1.80020225048065,0.920734524726868,0.473338752985001,0.281905561685562,0.374356985092163
2973,1.52114367485046,0.844632089138031,0.408039748668671,0.382086038589478,0.014242353849113,0.0766846537590027
2975,1.40426850318909,0.451374679803848,-0.42351233959198,-0.331453889608383,-0.330237835645676,0.515661716461182
2977,0.615210890769958,1.25410902500153,-0.0826296955347061,-0.293872088193893,-0.244412004947662,0.66958212852478
2979,0.0350896716117859,1.65160667896271,0.0148823317140341,-0.212674036622047,-0.932177066802979,0.348223507404327
2981,2.02066159248352,0.21687114238739,0.44891220331192,0.988926649093628,-0.263071089982986,1.64585900306702
2983,2.10103106498718,0.684695839881897,1.48940050601959,0.590619206428528,0.0213088840246201,2.18020629882813
2985,1.43207919597626,1.2025374174118,1.77225649356842,-1.10018754005432,-1.4448037147522,3.48046278953552
2987,-0.271919965744019,0.282450914382935,-0.0872658640146255,-1.78021669387817,-1.57696437835693,2.97631645202637
2989,-2.51438093185425,-2.85059571266174,0.790422677993774,-3.09950876235962,1.18844652175903,0.814825057983398
2991,-4.1456036567688,-2.46708035469055,-0.722846567630768,-7.14098215103149,2.67908811569214,-0.121699616312981
2993,1.35104739665985,6.54065227508545,-0.45303875207901,-3.8353590965271,-0.975789725780487,-4.00174140930176
2995,-2.24420714378357,6.66772031784058,-0.789917230606079,-5.0941367149353,-2.32830214500427,-4.67511653900146
