X value [cm⁻¹],IR Spectrum 140/OPTIR (mV) [],biomass/OPTIR (mV) [],biomass/OPTIR (mV) [],biomass/OPTIR (mV) [],biomass/OPTIR (mV) []
940,1.614217162,-0.008667705,0.136701316,0.058842879,0.533385277
942,1.710084081,0.024331329,0.225726217,0.120392188,0.549331367
944,1.845846534,0.067834996,0.298269272,0.115446046,0.582221627
946,1.899841905,0.064436197,0.33802858,0.139852673,0.591798246
948,1.987923145,0.070927359,0.386176825,0.175899893,0.656865656
950,2.086435318,0.057354432,0.469997317,0.169199795,0.682595313
952,2.084744453,0.0583678,0.438734949,0.156123206,0.648470581
954,2.141614676,0.078321427,0.444012731,0.152825892,0.666482687
956,2.227781773,0.089696258,0.489836037,0.177681014,0.682798147
958,2.305696964,0.097246319,0.528310359,0.204539582,0.722929001
960,2.344606161,0.102322422,0.498578399,0.218585104,0.732470334
962,2.354050159,0.117108636,0.475382,0.219878629,0.728376448
964,2.440672159,0.125004128,0.495161831,0.226060018,0.75067836
966,2.552011013,0.149917468,0.540483832,0.224472418,0.788568437
968,2.592851639,0.159647807,0.555316091,0.237033352,0.822672904
970,2.635858059,0.166821644,0.570971131,0.27218312,0.88674289
972,2.69193697,0.188256517,0.575778246,0.292530537,0.940107882
974,2.797945738,0.198578417,0.602520585,0.296082407,0.973359466
976,2.898185968,0.206439897,0.618840277,0.276839286,0.942700446
978,3.066727161,0.220834017,0.638832211,0.285165489,0.936410427
980,3.179066181,0.237606391,0.643470943,0.314932406,0.937022209
982,3.278228998,0.248662189,0.635482192,0.34057799,0.951336503
984,3.364029646,0.259841859,0.652862132,0.382402331,0.990636885
986,3.378434896,0.255628884,0.661945403,0.420936257,1.007096648
988,3.390823841,0.289768964,0.66839838,0.437192917,1.034144402
990,3.357212543,0.376843899,0.671774268,0.454721689,1.065010548
992,3.364679575,0.459584683,0.673226953,0.471953511,1.107336879
994,3.314317703,0.567982137,0.687363803,0.460008562,1.148863316
996,3.264810324,0.666802049,0.707229495,0.387098998,1.199421763
998,3.215470314,0.791966558,0.719985604,0.6232059,1.247828245
1000,3.102651358,1.04174614,0.727109432,1.049106836,1.328927398
1002,3.008694887,1.416805387,0.712191045,1.512257218,1.590286255
1004,2.944946289,1.753755808,0.708033621,2.092992783,1.800318122
1006,2.950175047,1.850994825,0.722462356,2.820510626,1.908545494
1008,2.914206982,1.857713103,0.746043801,3.588939905,2.060781956
1010,2.91029048,1.53410399,0.780922353,4.300245285,2.38013649
1012,3.144271374,1.808542132,0.807003736,4.689466953,2.807679892
1014,3.257826567,1.713284612,0.839794636,5.15159893,3.762621641
1016,3.173415661,1.240071416,0.875979125,5.309763432,6.867642879
1018,2.94585371,1.228746057,0.900476396,4.854461193,8.523571014
1020,2.723319292,1.38319993,0.921696603,4.495337486,8.389536858
1022,2.635332108,1.482502222,0.920562923,4.584161758,7.502022266
1024,2.608799458,1.460113168,0.926692784,4.895985603,6.709288597
1026,2.605912209,1.416457891,0.942326963,5.123942852,6.224289894
1028,2.531373978,1.408703208,0.964497387,5.201791286,5.870169163
1030,2.521531105,1.409230113,0.999370992,5.186202049,5.628670216
1032,2.549694061,1.399025679,1.027615428,5.065629959,5.392240047
1034,2.562730074,1.371400833,1.051410437,4.927936077,5.165761471
1036,2.572121382,1.325395107,1.070153713,4.770020962,4.959392548
1038,2.478223562,1.275539994,1.083156943,4.507472515,4.803119659
1040,2.418085098,1.2562356,1.092313051,4.039464474,4.693135738
1042,2.36429286,1.215228915,1.095400095,3.369213343,4.602402687
1044,2.330860615,1.17982173,1.10595119,2.970058918,4.54876852
1046,2.3607409,1.155572534,1.116436243,2.86879611,4.461582184
1048,2.394167423,1.144015312,1.130561352,2.874531984,4.280205727
1050,2.461617708,1.138783813,1.148342848,2.878610849,4.040279865
1052,2.493876457,1.115892291,1.157951236,2.874713898,3.769081354
1054,2.502345324,1.108849764,1.168518543,2.832615614,3.506681681
1056,2.5169909,1.109622478,1.176667452,2.748265743,3.27414608
1058,2.494632483,1.104244471,1.187909484,2.644564629,3.071570873
1060,2.515737057,1.108113527,1.206923962,2.493236303,2.969098568
1062,2.489501476,1.104921222,1.225849867,2.235449553,2.898435116
1064,2.417537212,1.113754869,1.229614973,1.80045414,2.825069189
1066,2.3809793,1.143325806,1.239616275,1.609515429,2.845001698
1068,2.275633574,1.145580292,1.25845468,1.57661283,3.003394604
1070,2.184170723,1.116890311,1.274837732,1.260324836,3.465895176
1072,2.104888439,1.068101883,1.281484842,0.903361619,4.143061161
1074,2.063987732,1.03823483,1.293159485,0.842495561,4.819390297
1076,2.04010725,1.024906874,1.299084187,0.974311292,5.540429115
1078,2.058451653,0.93775773,1.314613938,1.100760102,6.323278904
1080,2.085401773,0.812381864,1.321947694,1.178454041,6.626583576
1082,2.065491676,0.791709602,1.323950887,1.227030039,6.302647591
1084,1.995804429,0.811087251,1.339351416,1.253165603,5.27561903
1086,1.903456211,0.812623799,1.352751732,1.28813827,4.032394409
1088,1.857883692,0.776459277,1.354038715,1.241369843,3.990091562
1090,1.848678589,0.722573042,1.364725947,1.136224747,4.590469837
1092,1.79137826,0.670857072,1.378476739,0.968048871,6.819369793
1094,1.695253134,0.634774446,1.391438127,0.726100206,9.704758644
1096,1.610207677,0.672178507,1.410126925,0.628674686,12.35713196
1098,1.559780478,0.679095805,1.423127174,0.539917767,13.15665436
1100,1.515166163,0.640767932,1.442880392,0.50712961,12.5371151
1102,1.481527209,0.605162919,1.47694695,0.459364891,12.4674387
1104,1.46032238,0.535842478,1.49118948,0.637883544,12.24336433
1106,1.453577042,0.481150717,1.471870899,0.851644814,11.45588589
1108,1.447535157,0.456964582,1.419000387,1.028878212,10.00596809
1110,1.458600998,0.449196011,1.34964931,1.209216952,8.643181801
1112,1.4945364,0.450823516,1.294734597,1.332372189,8.694710732
1114,1.542152643,0.45402956,1.264279246,1.386713982,9.838620186
1116,1.596410036,0.468101919,1.221678734,1.391231537,10.4549799
1118,1.647861242,0.490819991,1.170340776,1.369645357,10.45551109
1120,1.724683523,0.52522856,1.110103488,1.383332014,9.602828979
1122,1.822748303,0.589912593,1.040026784,1.445538759,8.200949669
1124,1.965524912,0.663110614,0.973787308,1.444295645,7.704360008
1126,2.109005213,0.710877717,0.903904736,1.411612153,8.103747368
1128,2.291633844,0.718630731,0.844119906,1.424435258,8.193192482
1130,2.450186253,0.682662606,0.788520396,1.449943185,6.737335682
1132,2.58388567,0.650622308,0.72810185,1.475883245,3.804061174
1134,2.721487999,0.654399335,0.684661388,1.494597912,2.135218143
1136,2.806138515,0.584253907,0.641658187,1.488433599,1.46907711
1138,2.866060495,0.456531972,0.604833603,1.477984071,1.089084029
1140,2.910445213,0.556567729,0.571222782,1.465643644,0.81264466
1142,2.993590355,0.542767048,0.537126362,1.487860441,0.718046069
1144,3.078607559,0.643215597,0.514971375,1.576124191,0.796059728
1146,3.141662836,0.843557656,0.492381305,1.697702289,0.775885224
1148,3.163875818,0.917529821,0.464248002,1.769860864,0.871610761
1150,3.186527491,0.845699072,0.443286568,1.738482833,0.975347519
1152,3.19036293,0.729796648,0.424007744,1.685978413,1.009331465
1154,3.192456961,0.652891517,0.409462988,1.61800468,0.95797056
1156,3.196909428,0.660408318,0.393281043,1.607423663,0.874721944
1158,3.176844835,0.67514807,0.374235213,1.712730408,0.844131291
1160,3.152995586,0.610318303,0.364643931,1.812618852,0.8745628
1162,3.030742884,0.545439243,0.348072231,1.810439229,0.905694306
1164,2.928653955,0.730625987,0.335308462,1.792049885,0.968541861
1166,2.886577606,0.663177907,0.328566879,1.855325222,1.044269085
1168,2.836681843,0.496188402,0.319435418,1.946209192,1.090809703
1170,2.799279928,0.36712423,0.312366366,2.045097113,1.111472964
1172,2.764775276,0.274685591,0.302175105,2.266838789,1.108898759
1174,2.683307886,0.228390396,0.288993865,2.566611767,1.084557891
1176,2.608096838,0.231063515,0.275296032,2.792762756,1.050434351
1178,2.571907043,0.215805888,0.270589828,2.750737906,1.038907528
1180,2.503646374,0.258432776,0.293323696,2.576243877,1.037768364
1182,2.467606544,0.263931632,0.306431562,2.533266544,1.053369761
1184,2.450168133,0.260841966,0.316034913,2.493844986,1.09021163
1186,2.40545249,0.262369663,0.31970793,2.397064209,1.11175406
1188,2.30118084,0.251000166,0.306046039,2.222294331,1.128651261
1190,2.241901636,0.232014298,0.310574383,2.092837334,1.177672982
1192,2.166782856,0.228076771,0.308468819,1.885701418,1.222716689
1194,2.05667305,0.216735676,0.320433795,1.79796958,1.260324478
1196,1.965284467,0.186465338,0.325518459,1.778778076,1.312410116
1198,1.896816969,0.1128686,0.336227804,1.856256962,1.390945077
1200,1.866040587,0.184580773,0.371019512,1.889178157,1.48660171
1202,1.78574574,0.245343983,0.373973429,1.765137672,1.576095819
1204,1.768820763,0.30586049,0.378801733,1.6857903,1.739954114
1206,1.731423736,0.366940111,0.39111194,1.648831725,1.892380357
1208,1.621615887,0.443814307,0.39685601,1.635073304,1.958094835
1210,1.495869279,0.426196218,0.404187262,1.576292515,1.922467709
1212,1.450513124,0.446993649,0.355777413,1.394695282,2.020838737
1214,1.399181724,0.470530957,0.300989926,1.189174175,2.132169247
1216,1.340610743,0.497387826,0.238475636,0.954667747,2.25920105
1218,1.281198263,0.537919939,0.24709852,1.002308965,2.364204645
1220,1.243249536,0.561500847,0.27420938,1.018262744,2.510423183
1222,1.15697515,0.547899604,0.262053996,0.992257535,2.570196152
1224,1.112886429,0.570753038,0.2460666,0.986174762,2.715623856
1226,1.022452593,0.616521418,0.246204793,0.986474633,2.907864094
1228,0.962888479,0.638380468,0.253702283,0.992940009,3.101657152
1230,0.948903382,0.633116663,0.266994864,1.051959634,3.317069292
1232,0.856354833,0.590016603,0.257712275,1.08169663,3.506821632
1234,0.830935299,0.579086602,0.264340222,1.203498006,4.028665543
1236,0.794053614,0.60833019,0.290569961,1.349774837,4.72280407
1238,0.770549834,0.566558361,0.318977386,1.475678325,5.346786976
1240,0.729011238,0.510828614,0.301984966,1.605128169,5.925940037
1242,0.71254319,0.476981521,0.281185478,1.785352945,6.712382793
1244,0.694001675,0.471556634,0.289723963,1.9887923,7.476813793
1246,0.641489029,0.473592222,0.296166748,2.136374712,7.930683136
1248,0.641801,0.501889706,0.291729271,2.284753561,8.347272873
1250,0.636637568,0.53377676,0.30315277,2.279822588,8.338921547
1252,0.642127991,0.55516988,0.296062082,2.251642942,8.080313683
1254,0.681896329,0.576221943,0.294524014,2.277050495,7.876667976
1256,0.676125944,0.588644207,0.276936173,2.169489384,7.489273071
1258,0.711327136,0.59787631,0.259702832,2.218605995,7.370999336
1260,0.759908557,0.610145569,0.266129375,2.360154867,7.216107845
1262,0.797661126,0.614545345,0.274050117,2.367839575,7.000714779
1264,0.820813775,0.620859206,0.296851277,2.170164824,7.353822231
1266,0.846356988,0.631289184,0.321711332,2.208236456,8.124892235
1268,0.870386839,0.642974555,0.32420519,2.364591122,8.433719635
1270,0.87913543,0.643182158,0.311161399,2.408551693,8.261634827
1272,0.890467107,0.637660742,0.290050387,2.112123728,7.924533844
1274,0.889048517,0.64104569,0.277645588,1.819210529,7.617780209
1276,0.887490332,0.640890598,0.262117594,1.587651849,7.47594738
1278,0.897393107,0.649273157,0.249961779,1.510122418,7.30753088
1280,0.896669805,0.644930661,0.23262918,1.51019609,6.856114388
1282,0.897432864,0.619461715,0.224138677,1.442807913,6.383018494
1284,0.897856951,0.599900842,0.218873516,1.437665939,5.842038631
1286,0.894363582,0.573802173,0.213894829,1.602170229,5.356744289
1288,0.904164612,0.570437729,0.204615429,1.708306789,4.902226448
1290,0.896709859,0.643388569,0.194665328,1.692493796,4.472612381
1292,0.877976716,0.706950903,0.187289491,1.582474351,4.156335831
1294,0.871209145,0.709862113,0.18198131,1.468971133,3.896243334
1296,0.868796885,0.689264834,0.174951226,1.403540492,3.653174639
1298,0.889890194,0.673331082,0.175279453,1.347935319,3.461518049
1300,0.905007064,0.665369213,0.179910317,1.309855938,3.328289509
1302,0.891594768,0.647632122,0.184182063,1.27028954,3.242442131
1304,0.854961693,0.646708608,0.185457066,1.2263515,3.158017635
1306,0.844277859,0.662067533,0.190870643,1.203193188,3.081638575
1308,0.857362211,0.638801515,0.199861839,1.178783536,3.012058735
1310,0.874747396,0.616438985,0.200964004,1.166158915,2.955229282
1312,0.881790757,0.549636841,0.193260342,1.1892488,2.917658329
1314,0.889699876,0.524635494,0.198581681,1.18624568,2.900402546
1316,0.884008884,0.497793406,0.195369586,1.174252748,2.89402318
1318,0.893344939,0.469801217,0.190658614,1.190783501,2.949420452
1320,0.883436859,0.549064457,0.20256424,1.151823521,2.960959673
1322,0.855919182,0.652154386,0.21699132,1.082478762,2.921179056
1324,0.845690966,0.680820525,0.227243006,1.036684752,2.868504286
1326,0.861597061,0.667875051,0.236268118,1.015966654,2.813486099
1328,0.873559296,0.633629382,0.236592412,0.991354287,2.76465106
1330,0.87708509,0.60274899,0.242423713,0.983482659,2.732745886
1332,0.883665204,0.586462855,0.250772268,0.972469985,2.742503643
1334,0.86996609,0.567663491,0.246774495,0.968103468,2.771854639
1336,0.846440256,0.551941514,0.228698611,1.007652044,2.827638626
1338,0.830770373,0.557435155,0.192712009,1.115302563,2.891849756
1340,0.829152584,0.545006394,0.213334188,1.11871314,2.840603352
1342,0.85287869,0.529433548,0.258597285,1.035162687,2.762265682
1344,0.874912977,0.526979387,0.281937748,1.024256229,2.745482683
1346,0.88939023,0.532039046,0.293312192,1.041049361,2.740699053
1348,0.90839678,0.548927248,0.290205389,1.074238777,2.786794901
1350,0.94145453,0.562443674,0.310562015,1.091303229,2.81434989
1352,0.959210515,0.581267774,0.326622933,1.098005533,2.838325262
1354,0.975755453,0.594575584,0.337895721,1.112271786,2.899109602
1356,1.016508579,0.629115105,0.358591318,1.129811645,2.968917847
1358,1.055815935,0.660897553,0.375936359,1.147010684,3.029882908
1360,1.075825691,0.653140247,0.34270373,1.197689652,3.087866783
1362,1.082597971,0.630065322,0.302747339,1.293071747,3.190755367
1364,1.163117886,0.912287474,0.411526263,1.388821602,3.223323584
1366,1.30135107,1.310869098,0.464221895,1.470131516,3.227151394
1368,1.499136448,1.547932148,0.468163997,1.568741918,3.349832773
1370,1.697357655,1.824272037,0.523105502,1.556998372,3.310924053
1372,1.828304887,1.744823456,0.486428142,1.679074407,3.556757212
1374,1.850028396,1.689545512,0.499735862,1.582271338,3.787981987
1376,1.645800591,1.797918677,0.608216524,0.953827918,3.58598423
1378,1.614498138,1.660311222,0.627534866,0.957970917,3.676783085
1380,1.589628458,1.594599485,0.619438469,0.999707401,3.277572393
1382,1.571412325,1.539120317,0.593458116,0.937669098,2.822273254
1384,1.51388371,1.345843911,0.537990034,0.867797792,2.371915817
1386,1.423461199,1.127971768,0.428103119,1.03926909,2.89951992
1388,1.413016677,1.145310402,0.422328919,1.26971662,3.156038046
1390,1.386439562,1.091562629,0.426378459,1.287836432,3.089777708
1392,1.300319076,0.904122949,0.393869668,1.244709849,3.040918827
1394,1.145682216,0.66973412,0.288282394,1.317652702,3.073182583
1396,1.104575992,0.633039832,0.2629278,1.378861427,3.031162024
1398,1.010485291,0.638397217,0.227671877,1.358365178,2.992310524
1400,1.108844161,0.690978706,0.288367897,1.43120873,2.962026834
1402,1.257251859,0.667682171,0.315307915,1.52124691,3.035988808
1404,1.311036229,0.588688612,0.289328843,1.62678957,3.252306223
1406,1.387201309,0.553745389,0.30911079,1.666663885,3.296296358
1408,1.409277439,0.523718834,0.318184853,1.712638617,3.35583806
1410,1.376836658,0.486855328,0.299452126,1.727607012,3.420794964
1412,1.348439217,0.472054154,0.289511204,1.639636517,3.338466644
1414,1.29764092,0.446712613,0.25650388,1.488327742,3.156961679
1416,1.140503764,0.414753079,0.177992851,1.367815495,2.948385477
1418,0.985043943,0.394959867,0.122843094,1.349680543,2.79763937
1420,0.98608917,0.420233101,0.146534413,1.358145118,2.669935703
1422,0.97721684,0.43935746,0.144718796,1.326145411,2.593362331
1424,0.973396361,0.455996275,0.147224531,1.2979182,2.552026987
1426,0.997960508,0.442655802,0.16089198,1.3250947,2.578025341
1428,0.957368672,0.436886281,0.143781036,1.329952121,2.594628334
1430,0.92061013,0.447666347,0.147331208,1.340209365,2.66562748
1432,0.941233933,0.460983306,0.159598276,1.380411506,2.793919563
1434,0.93971473,0.463946193,0.16086176,1.430136919,2.901582718
1436,0.882294416,0.475988746,0.16530332,1.48730886,2.949804068
1438,0.925263226,0.511203945,0.173982754,1.557127953,3.025729418
1440,0.944996178,0.536388457,0.193971008,1.610409021,3.101477385
1442,0.978574216,0.552271307,0.200348124,1.684826255,3.253837347
1444,0.974549472,0.564268172,0.197111338,1.735663176,3.394273758
1446,0.93705225,0.560863197,0.185697734,1.773619294,3.523249149
1448,0.952343285,0.572832823,0.202590361,1.934101582,3.813283443
1450,0.967627466,0.576241851,0.189212844,1.683100343,4.088180065
1452,0.983439565,0.579768598,0.175373331,1.423430443,4.372570992
1454,0.999807298,0.583419323,0.161047444,1.154634953,4.666955948
1456,1.000848532,0.571858227,0.178211346,1.12849462,4.743584156
1458,1.083861589,0.558271945,0.210162595,1.137767673,5.047232151
1460,1.18830955,0.548013568,0.175571367,1.052621603,5.173851967
1462,1.307099462,0.556022167,0.165689051,1.121227622,5.579614639
1464,1.288796186,0.532198489,0.182224125,1.175303459,5.405235767
1466,1.141140461,0.501617789,0.162583962,1.137611866,4.668841839
1468,1.019059658,0.480134785,0.139057457,1.069137454,4.164715767
1470,0.963416815,0.450612485,0.122081012,1.041721344,3.957568407
1472,0.929244816,0.396742851,0.131931663,1.051043153,3.962958336
1474,0.810821652,0.365483612,0.13084805,0.906663299,3.436713696
1476,0.671847999,0.365922064,0.112417966,0.75463295,2.903715849
1478,0.625197589,0.380680442,0.128139272,0.670452476,2.564771891
1480,0.628281176,0.385522693,0.131147444,0.62658608,2.433585644
1482,0.6180076,0.392434865,0.136391237,0.585826635,2.349790096
1484,0.611493826,0.396173298,0.156555325,0.571829617,2.303758144
1486,0.618617058,0.389616966,0.163335249,0.564941347,2.298645735
1488,0.603987038,0.388152391,0.160571575,0.564004183,2.309034824
1490,0.62371999,0.427684128,0.176216543,0.592635095,2.3734231
1492,0.721351802,0.479776204,0.183984414,0.643066108,2.528018951
1494,0.743399739,0.491488934,0.202580884,0.675234735,2.620208502
1496,0.777003586,0.502619922,0.200599894,0.715074122,2.781727076
1498,0.854762912,0.559886694,0.198526874,0.79576689,3.056979656
1500,0.907887578,0.582323551,0.219272941,0.877378702,3.242956161
1502,0.960210323,0.616879463,0.24985604,0.956465781,3.496194363
1504,0.968582153,0.609259844,0.248862833,0.980459213,3.65250349
1506,0.950122774,0.59992826,0.264606655,1.026302099,4.107094288
1508,0.922719717,0.648870826,0.234574512,0.991995752,3.840202093
1510,1.033898234,0.718559086,0.248972371,1.003262997,3.683015108
1512,1.136323929,0.766805172,0.269504398,1.051688075,3.811717272
1514,1.205824018,0.781517208,0.261830986,1.082391262,3.871600389
1516,1.179649234,0.769100368,0.26072666,1.062491775,3.853141308
1518,1.106495619,0.785491109,0.260345161,1.071207285,3.819685459
1520,1.060520291,0.73698473,0.271302432,1.019395471,3.770305157
1522,1.270093679,0.837086916,0.34827131,1.159082413,4.258296967
1524,1.217004299,0.804464936,0.30927372,1.119747043,4.014620304
1526,1.212388992,0.807308793,0.278612465,1.146294475,3.925938845
1528,1.204681158,0.854546189,0.282333195,1.194406152,3.956672668
1530,1.233422637,0.862936258,0.291671008,1.202391744,3.927434683
1532,1.176299214,0.825497806,0.2849316,1.163312078,3.843961
1534,1.168917179,0.853709221,0.278837621,1.216569543,3.946197987
1536,1.192580581,0.873972356,0.277151287,1.219199061,3.932333231
1538,1.130633831,0.808363616,0.255901694,1.133283138,3.763367891
1540,1.008416414,0.701092184,0.237702012,1.085642695,3.705512524
1542,0.991702497,0.752591014,0.222859174,1.121681213,3.765997887
1544,1.000720263,0.811062992,0.224928886,1.119730234,3.670358658
1546,1.070965528,0.809924424,0.211598098,1.103393316,3.513701916
1548,1.062952042,0.776844859,0.208835855,1.072562814,3.390121698
1550,1.032884717,0.750525355,0.200776905,1.035880327,3.283621073
1552,0.974530339,0.730766773,0.193609521,0.986666918,3.13912034
1554,0.900295377,0.70156014,0.190379947,0.958413124,3.059033394
1556,0.831157207,0.653434753,0.20164375,0.904324532,2.945407867
1558,0.736720145,0.572653353,0.196522519,0.799316108,2.833082914
1560,0.750519812,0.579910636,0.156344056,0.793263912,2.65647912
1562,0.764595687,0.578239441,0.157945156,0.772159159,2.525878906
1564,0.732874632,0.560993254,0.152298823,0.732788086,2.442757845
1566,0.706220508,0.525838375,0.139619425,0.706708431,2.327648401
1568,0.646578789,0.486303389,0.127017081,0.677439511,2.247698307
1570,0.615179479,0.469506145,0.11687059,0.669298947,2.210141182
1572,0.605482936,0.461700529,0.115640327,0.669473231,2.170915842
1574,0.578069746,0.436247766,0.118613422,0.658209443,2.14928031
1576,0.549691141,0.420353889,0.12678799,0.683844924,2.203756809
1578,0.557525814,0.415698379,0.120395973,0.67137295,2.151289225
1580,0.586942673,0.408373326,0.118200302,0.654840589,2.093738317
1582,0.59517175,0.401807725,0.114565492,0.635574639,2.027193308
1584,0.612510681,0.391260535,0.11082232,0.620478988,1.986176968
1586,0.612197518,0.38512677,0.114362516,0.617618859,1.959263086
1588,0.621839166,0.380605221,0.114389598,0.618191481,1.953705192
1590,0.633906841,0.379330099,0.113052219,0.620753706,1.96880281
1592,0.641645253,0.385345936,0.108346865,0.62929976,1.991423488
1594,0.662012458,0.386331618,0.111977756,0.641479492,2.026770592
1596,0.676286817,0.399003476,0.113642089,0.676396489,2.079879522
1598,0.689635336,0.405982673,0.118188895,0.721467078,2.147816658
1600,0.683774114,0.405409038,0.12072932,0.752103806,2.215222836
1602,0.691182554,0.421185464,0.125781089,0.777549386,2.298323393
1604,0.737622261,0.440875471,0.120316453,0.824160457,2.37419939
1606,0.73973453,0.459003776,0.11979533,0.862461209,2.451389551
1608,0.770980895,0.483476251,0.126459688,0.908859789,2.561150312
1610,0.897439957,0.519335508,0.112138897,0.999143541,2.728110313
1612,1.020500302,0.539805532,0.105912752,1.044653773,2.888495445
1614,1.045915961,0.529717743,0.116850577,1.024466634,2.955368757
1616,1.030310035,0.541492641,0.143994614,1.073298216,3.124823093
1618,1.344015598,0.800158858,0.122254886,1.248979688,3.373797178
1620,1.629107475,1.307025552,0.114882641,1.453296185,3.543166876
1622,1.63006413,1.352503538,0.136255249,1.525931954,3.740190268
1624,2.613249063,3.16209507,0.148299828,1.681447983,4.158077717
1626,3.207707405,4.137320042,0.162307709,1.696168423,4.323289394
1628,4.018144608,4.049725533,0.262184978,1.742069006,4.506183147
1630,4.486299038,3.352967739,0.407372534,1.761837721,4.486310005
1632,4.705870628,2.883007765,0.427617013,1.881430626,4.565742493
1634,4.644108295,2.757102251,0.330386788,2.073277235,4.818917751
1636,4.679481506,4.649730682,0.239615127,2.897075176,5.463175774
1638,4.859945297,4.25403595,0.440077215,2.533661127,5.227116108
1640,4.443175793,3.055123329,0.583469033,1.579016447,4.798666
1642,4.419599533,2.446450233,0.643663108,1.067111254,4.602127552
1644,4.651072025,2.139688492,0.555549026,1.058719158,4.83949852
1646,4.443643093,1.893403292,0.316611588,1.733392835,5.486392498
1648,5.457472324,2.132785082,0.447416931,1.768800735,5.369001389
1650,5.823048115,2.120815754,0.491769046,1.460940123,5.055088043
1652,5.624822617,2.012314081,0.418122113,1.420881033,5.150815964
1654,6.112271309,2.858537436,0.579715192,1.879693508,5.416160583
1656,4.516420364,3.071304798,0.82738626,1.212299228,4.495894909
1658,2.522872448,3.720458984,0.969276249,0.831976831,3.317748785
1660,1.836815476,3.912734747,0.894791842,0.72072804,3.132343769
1662,1.849887609,4.259870052,0.790530384,0.785844743,2.743693352
1664,1.642876387,4.384857178,0.928417742,0.74174577,2.754488468
1666,1.632761002,3.997241735,0.89482832,0.730294406,2.88658309
1668,1.923620462,4.21677351,0.663294733,0.981040359,3.32750392
1670,2.810599804,5.274641514,0.517431915,1.443876982,4.456417084
1672,2.513345003,4.807843685,0.61404866,1.112898827,3.70298028
1674,2.842408419,4.744515419,0.560430467,1.125189066,4.144941807
1676,3.004874706,4.618820667,0.666707933,0.876953244,3.891925812
1678,2.702417612,4.106097698,0.633279562,0.84557718,3.967513561
1680,2.691488028,3.652216673,0.541134477,0.998809218,4.48230505
1682,2.714224339,3.38579011,0.455221176,1.104487896,4.650778294
1684,2.908266544,3.895853043,0.382902443,3.154903889,5.17175436
1686,3.007292271,3.506137371,0.414479136,4.051933765,5.119837284
1688,3.442026377,3.34358573,0.400882214,3.15727067,5.088797569
1690,3.545922756,3.053516388,0.439887047,3.345623016,4.826478481
1692,3.355465889,2.959868193,0.441742212,3.581939459,4.555250168
1694,3.108682632,2.809868097,0.377953827,3.29756093,4.520300865
1696,2.701461077,2.762722731,0.23452726,3.654619217,4.870094299
1698,2.497986555,2.776863575,0.185709417,3.600580215,4.835078716
1700,2.378270388,2.494876385,0.177394852,3.59662509,5.104160786
1702,2.200952768,2.219345808,0.204929367,3.580835104,4.857841492
1704,1.995497108,1.718303084,0.16648078,3.68529439,4.866702557
1706,1.964177012,1.62605834,0.17406939,3.346189022,4.652867794
1708,1.979662538,1.793462396,0.214105919,2.760419607,4.921769619
1710,1.936992049,1.649355769,0.239464581,2.564764023,5.070292473
1712,1.85196054,1.346419215,0.209153175,2.589853048,5.516361237
1714,1.738439322,1.044492126,0.124976411,2.719792604,6.716506958
1716,1.648672462,0.852569342,0.115578726,2.718436956,7.817926407
1718,1.702571988,0.849809229,0.16873017,2.719199181,6.38642025
1720,1.740887284,0.888353109,0.252613097,3.236460447,5.515761375
1722,1.70535171,0.865656614,0.244995475,3.270388365,6.198999405
1724,1.66068089,0.857625723,0.239813253,3.191519022,7.529578209
1726,1.630149841,0.842023969,0.23138155,3.03278017,8.044840813
1728,1.573516607,0.787422478,0.19474785,2.763276815,7.964633942
1730,1.511380315,0.718266606,0.140016899,3.319603443,8.119889259
1732,1.45816803,0.65839237,0.119739033,3.588803291,7.708395004
1734,1.458972812,0.640325129,0.115521498,3.690249443,6.149981976
1736,1.402067542,0.627713442,0.100176916,3.266185284,4.494842529
1738,1.354805946,0.591802478,0.09170264,2.604343414,3.471954346
1740,1.31946969,0.563207567,0.086387731,1.824992061,2.451901436
1742,1.293391228,0.535976827,0.100829348,1.299814701,2.034262657
1744,1.240130067,0.49602437,0.106005587,0.908125639,1.759668112
1746,1.185809612,0.456533253,0.140681997,0.648354173,1.641100645
1748,1.105209351,0.414361477,0.159365445,0.523495317,1.51255095
1750,1.024929523,0.383866966,0.152120948,0.484851778,1.399054885
1752,0.955381215,0.351565659,0.11917188,0.45362103,1.205292225
1754,0.865321815,0.320459634,0.108275749,0.421561301,1.071871161
1756,0.786649764,0.288892955,0.12553294,0.386687994,1.019222856
1758,0.707461298,0.273545772,0.128102452,0.34937942,0.954473853
1760,0.630595148,0.249652594,0.145188794,0.31441164,0.907589972
1762,0.557432532,0.22306022,0.147206783,0.281327993,0.809130967
1764,0.486655086,0.204626426,0.145763978,0.257970393,0.734967828
1766,0.443480968,0.186222196,0.13673389,0.242703363,0.695666552
1768,0.396718919,0.170300215,0.115639366,0.22338739,0.670409083
1770,0.363279819,0.155376256,0.116763659,0.208971754,0.638281405
1772,0.334563673,0.143013284,0.145001024,0.18246235,0.604043782
1774,0.291074455,0.128364459,0.149388328,0.171189189,0.572589993
1776,0.26769793,0.123654462,0.149180278,0.168492794,0.543111563
1778,0.258843899,0.118659444,0.13436009,0.159077942,0.522553861
1780,0.2350021,0.109272718,0.127440467,0.156863943,0.512715936
1782,0.22168389,0.103560984,0.120341256,0.146670431,0.494781017
1784,0.200606778,0.093956888,0.115320541,0.127996594,0.47283712
1786,0.187919676,0.085645802,0.121709734,0.122475848,0.450181365
1788,0.180527657,0.074880384,0.115854248,0.122594744,0.424528658
1790,0.153340295,0.061002459,0.102610178,0.111926988,0.379310936
1792,0.140004605,0.060873885,0.102989957,0.09559653,0.37836647
1794,0.135779291,0.053172693,0.097374767,0.084958233,0.372140884
1796,0.120723978,0.045100469,0.090037763,0.069441415,0.337132663
1798,0.115336999,0.043189801,0.077048443,0.080864616,0.307119071
2688,0.112505503,0.050326064,0.067607671,0.089296915,0.298929781
2690,0.107257508,0.06355267,0.050109804,0.104925618,0.283751488
2692,0.094196938,0.096469432,0.006563256,0.143820435,0.245977581
2694,0.112050936,0.066179357,0.038161911,0.130269095,0.268551409
2696,0.13935709,0.040984731,0.038523678,0.150412053,0.315568507
2698,0.134239614,0.036040179,0.02043041,0.147629797,0.308221251
2700,0.153607026,0.025948403,0.045262631,0.125437289,0.287328601
2702,0.191943124,0.034311086,0.067440614,0.145077735,0.287489772
2704,0.167470783,0.026856804,0.041361045,0.151232123,0.269056529
2706,0.17054145,0.040478375,0.007553938,0.156096473,0.302732944
2708,0.187180534,0.04198759,0.006874083,0.152503848,0.296393067
2710,0.187472031,0.023760285,0.016010439,0.148819208,0.304555953
2712,0.200332776,0.031740289,0.028035678,0.146215498,0.313158751
2714,0.207108125,0.052914683,0.030777877,0.136870772,0.293752164
2716,0.200598434,0.055738684,0.038446039,0.14534618,0.306504726
2718,0.22168158,0.049993921,0.03387541,0.142284468,0.332408935
2720,0.235806018,0.047473677,0.044255096,0.146140873,0.353775978
2722,0.238403484,0.069363281,0.050579712,0.150108591,0.352923155
2724,0.249488682,0.068005145,0.043556564,0.156145588,0.371090204
2726,0.262332857,0.06478823,0.038527153,0.166007668,0.384283751
2728,0.272703767,0.066148289,0.041337352,0.169058442,0.389108181
2730,0.257582307,0.068986662,0.043631144,0.184088439,0.387124389
2732,0.252941936,0.071418911,0.03591584,0.191618696,0.372223169
2734,0.266822726,0.069992617,0.033565883,0.194090664,0.382909834
2736,0.283646345,0.069643497,0.037563693,0.192917764,0.404737025
2738,0.290181637,0.076533988,0.039176416,0.192031041,0.399204403
2740,0.2931422,0.079151265,0.055156272,0.197234139,0.40512985
2742,0.289014757,0.082063511,0.060125228,0.196440801,0.417058617
2744,0.284172207,0.083906613,0.059504524,0.199446902,0.419920415
2746,0.285846859,0.088188581,0.055667333,0.203558341,0.41182819
2748,0.28334108,0.091896549,0.052176647,0.206708595,0.402089477
2750,0.293527961,0.092604443,0.051525727,0.213734642,0.403542906
2752,0.302926123,0.095346548,0.050349671,0.214971662,0.414004564
2754,0.302694052,0.098621398,0.058334466,0.211651653,0.418067485
2756,0.305514425,0.097165875,0.062868506,0.219855368,0.421077043
2758,0.316187322,0.096673854,0.0639458,0.214166507,0.436824322
2760,0.321132123,0.096711852,0.057237387,0.206928134,0.440831721
2762,0.326497912,0.094432555,0.05215463,0.208379611,0.433722258
2764,0.322875232,0.093348816,0.052476831,0.216730192,0.432976931
2766,0.32643351,0.098191082,0.056354713,0.217597663,0.434457779
2768,0.333294004,0.099399969,0.059596058,0.21928978,0.445989907
2770,0.340211242,0.106992736,0.065518789,0.224468276,0.463479519
2772,0.344703794,0.109542057,0.06470231,0.228975937,0.463944554
2774,0.34454605,0.109856158,0.062869169,0.23239325,0.467718899
2776,0.349315017,0.111372456,0.066130884,0.230506569,0.468052715
2778,0.353086919,0.112202875,0.063283704,0.231884435,0.472939998
2780,0.359550148,0.113735713,0.064965889,0.240965858,0.479120195
2782,0.366660446,0.112380981,0.069184542,0.245024145,0.484579414
2784,0.3740803,0.110367589,0.068422534,0.250929773,0.493186295
2786,0.385746151,0.114659935,0.067832582,0.255652159,0.506114781
2788,0.392209113,0.115533784,0.070832893,0.253417492,0.511758327
2790,0.405009538,0.11713101,0.067976967,0.259721816,0.525162041
2792,0.417744637,0.122788996,0.066727057,0.267782331,0.540899217
2794,0.429934472,0.129909858,0.073490374,0.271136224,0.559189558
2796,0.450967431,0.135153741,0.080715217,0.279189616,0.581293225
2798,0.461609423,0.14035815,0.084007174,0.290182471,0.591240406
2800,0.471910775,0.144847572,0.080283418,0.293064386,0.604093492
2802,0.489308953,0.148552433,0.080168523,0.29720071,0.615797102
2804,0.502323389,0.15285486,0.084190056,0.300072074,0.636696935
2806,0.524686098,0.15975149,0.083207443,0.305610567,0.647360623
2808,0.542349696,0.16077888,0.087240078,0.313639313,0.664915681
2810,0.560645342,0.163673371,0.093648456,0.316183835,0.679187477
2812,0.580908716,0.171066597,0.098587461,0.324238181,0.697674751
2814,0.594349265,0.172910661,0.105415404,0.329901427,0.72102046
2816,0.621555984,0.180901244,0.102466114,0.334757656,0.74876225
2818,0.645199001,0.183382779,0.108780973,0.343807161,0.776200533
2820,0.664504528,0.185507119,0.115564376,0.355989099,0.808245897
2822,0.694990337,0.196737275,0.115803823,0.374862015,0.848470569
2824,0.731329441,0.205870837,0.123135403,0.377315372,0.874000132
2826,0.786642015,0.21822311,0.135322258,0.389931262,0.931585908
2828,0.849993527,0.241445288,0.143216416,0.408196092,1.011152506
2830,0.94843483,0.264591992,0.144685775,0.434412956,1.080411434
2832,1.095723271,0.296234548,0.139746472,0.487731159,1.178725362
2834,1.279790878,0.340326101,0.142239913,0.549249053,1.296633244
2836,1.531672359,0.396808654,0.150815398,0.647304237,1.486192822
2838,1.793348789,0.451585412,0.153989315,0.720208943,1.727581143
2840,2.056384563,0.486354917,0.157831341,0.79332298,1.998714805
2842,2.42169404,0.531431317,0.156359792,0.898336768,2.427563429
2844,2.794753551,0.640452147,0.155220389,1.377730131,3.296139002
2846,3.111044168,0.971314549,0.142738655,2.730283737,4.782623291
2848,3.776698112,1.187717319,0.13055031,4.602720261,3.958635807
2850,5.352845192,1.007696033,0.147100523,5.651488304,3.328439236
2852,5.161967754,0.793627381,0.165928885,5.319131851,4.054635525
2854,4.957479,0.70645684,0.162642926,4.203632832,5.231372356
2856,4.961783409,0.601720333,0.142246112,3.084078789,4.839840412
2858,4.394766331,0.522719145,0.115193114,2.158020258,3.845641851
2860,3.735346317,0.478379309,0.116895393,1.459344625,3.173048973
2862,3.215999126,0.47262001,0.137860596,1.198051453,2.786885262
2864,2.875462055,0.4963395,0.166301668,1.109116673,2.57848382
2866,2.688915968,0.511651874,0.178790137,1.079216957,2.447461843
2868,2.589461565,0.528893411,0.170657501,1.048066735,2.366117001
2870,2.55011344,0.527828395,0.166226268,1.021900177,2.360864401
2872,2.519062042,0.523456514,0.168335021,0.995070994,2.365822554
2874,2.513979435,0.521999002,0.163657889,0.981276274,2.396920443
2876,2.526823759,0.519631803,0.160660461,0.989606023,2.428265333
2878,2.572087765,0.523122549,0.160089582,1.001929998,2.494569063
2880,2.647353411,0.534051418,0.161668748,1.043983459,2.649932146
2882,2.742938995,0.544896603,0.169437662,1.106496096,2.814611197
2884,2.848776579,0.541296959,0.172515407,1.139478564,2.949065208
2886,2.917726994,0.533858895,0.167962402,1.168899179,3.065949917
2888,3.026751041,0.543802917,0.176083192,1.21506691,3.234759808
2890,3.173518658,0.555472314,0.189745173,1.287266135,3.384174347
2892,3.299241543,0.560886383,0.183636099,1.348767996,3.548285723
2894,3.505050421,0.581353247,0.180659622,1.43230617,3.715497732
2896,3.750670195,0.609293461,0.18278107,1.529348135,3.920856476
2898,3.978121042,0.630157709,0.187384456,1.596286535,4.092201233
2900,4.17096138,0.654584944,0.19184643,1.662531734,4.283781052
2902,4.374284744,0.699408591,0.189861894,1.730836987,4.503135204
2904,4.75133276,0.753629327,0.193826407,1.846346736,4.824116707
2906,5.220445156,0.796495318,0.191789448,1.967207074,5.252294064
2908,5.916092396,0.864111006,0.199432969,2.182323217,5.933842659
2910,6.95624876,0.950254142,0.216299728,2.825152397,7.071210861
2912,8.08609581,1.101922154,0.237944305,4.054754734,8.892510414
2914,9.584889412,1.366132498,0.252842218,5.594835281,10.11588478
2916,10.6332016,1.568722725,0.256961793,7.285657406,9.344279289
2918,11.58234787,1.509537339,0.268300414,8.337972641,8.276102066
2920,12.37613201,1.390428782,0.289530277,8.490592957,8.121513367
2922,13.19606018,1.479076862,0.300669372,7.528352737,9.480119705
2924,13.58831501,1.424089432,0.296809703,6.245069027,11.44899559
2926,12.96270657,1.197284341,0.292345732,4.760594845,11.86856651
2928,11.08800316,0.985241115,0.282727122,3.486095905,10.87659645
2930,9.085882187,0.855511427,0.273408771,2.946346283,9.567997932
2932,7.194706917,0.765725315,0.273540884,2.75357008,8.412400246
2934,5.996561527,0.715615153,0.282117397,2.71180892,7.614447594
2936,4.937602997,0.669027567,0.296731144,2.491992474,6.745840073
2938,4.227273464,0.622296333,0.313583553,2.307639599,6.085488796
2940,3.677578449,0.590822637,0.30383718,2.129202604,5.506317616
2942,3.325649261,0.574445546,0.302703857,2.00124383,5.143731594
2944,3.199807405,0.584018648,0.288308442,1.962198615,5.019324303
2946,3.119621992,0.630131304,0.292064548,2.034214973,5.042028904
2948,3.109613419,0.661130309,0.298761278,2.165693998,5.10424757
2950,3.143071651,0.68283993,0.310014725,2.314549685,5.242040634
2952,3.073768377,0.674295247,0.31181255,2.373601913,5.348767281
2954,2.886153221,0.619171619,0.282512367,2.251148462,5.132014751
2956,2.709419966,0.577481031,0.295321167,2.103518963,4.925274372
2958,2.614082813,0.565643966,0.352556944,2.070108414,4.882328987
2960,2.478336096,0.544951558,0.344513834,1.991151094,4.716902256
2962,2.312790871,0.512410402,0.319880158,1.852809548,4.436014652
2964,2.190022469,0.473957568,0.296713591,1.741808891,4.219449997
2966,1.978844166,0.418203801,0.310288846,1.565740824,3.961476326
2968,1.850821018,0.391684204,0.327363282,1.479032159,3.796013117
2970,1.7283535,0.358378768,0.324894756,1.360620141,3.605945349
2972,1.550949454,0.315954,0.281057924,1.202869058,3.299701929
2974,1.342087865,0.241692752,0.25910908,1.039809704,2.877918005
2976,1.271597743,0.203952789,0.256877929,0.996760786,2.670553207
2978,1.115935564,0.190681785,0.20054324,0.910753369,2.433951378
2980,1.006407738,0.147306457,0.180963188,0.801442146,2.301964521
2982,0.966096163,0.139897928,0.176659957,0.836565435,2.389757395
2984,0.708403289,0.136574224,0.073886417,0.724855125,1.86724937
2986,0.58401382,0.138128743,0.048613474,0.613334656,1.610514283
2988,0.481666267,0.150501996,0.194423005,0.458853483,1.487138629
2990,0.37959978,0.114197217,0.069587581,0.247567877,1.003887415
2992,0.15428786,0.016613459,-0.03728047,0.170035258,0.580302894
2994,0.025671188,0.092061982,-0.022027114,0.107703507,0.243080765
2996,0.148735672,0.196621269,0.114872195,-0.033025429,0.117569745
2998,0.214912161,0.132295758,0.071472779,-0.103900105,0.070658445
