X value [cm⁻¹],IR Spectrum 4/O-PTIR (mV) [mV],IR Spectrum 9/O-PTIR (mV) [mV],IR Spectrum 8/O-PTIR (mV) [mV],IR Spectrum 10/O-PTIR (mV) [mV],IR Spectrum 11/O-PTIR (mV) [mV]
935,3.703951191,0.359452522,-0.0001104,-0.355518699,-5.472363663
937,5.634942055,0.727001023,2.719930068,0.282601762,-5.770221996
939,7.505247021,-0.189501265,4.247978783,0.229609057,-5.026807785
941,10.62052784,-0.102754451,3.647922587,-0.579301649,-2.780243921
943,12.91672325,0.94308258,3.502648139,0.028183898,-1.101587844
945,14.13743382,1.34025985,3.802218151,0.35845282,0.373115331
947,15.5964819,2.380611634,4.034086132,0.544370005,1.471815181
949,16.37263393,3.246575117,3.999317265,0.80119595,2.457994509
951,17.59811554,3.971193409,4.218949604,1.047106129,3.121808767
953,18.0610672,4.473250628,4.168872595,1.127031136,3.520109892
955,18.51191483,4.639314175,4.296817064,1.240588295,4.333624744
957,19.35170174,5.042200279,4.512397289,1.499121892,4.959408665
959,19.67433128,5.525689602,4.834916592,1.524428678,5.247494507
961,19.77512245,5.910813522,4.79670372,1.478079247,5.620002556
963,20.62652054,6.274230862,4.507540321,1.548649621,5.782636833
965,20.91763306,6.351165295,4.419637871,1.413800526,5.753832436
967,20.99943199,6.501361275,4.74128418,1.521817243,6.074095821
969,21.5203434,7.015264034,5.021524906,1.861968732,6.586635685
971,21.92062492,7.449216461,5.00189867,1.848321939,6.882429695
973,22.31599731,7.767704582,5.166451836,2.063740587,7.026671505
975,22.40852432,8.061907101,5.354491711,2.139883137,7.254453659
977,22.67591248,8.195836258,5.571055603,2.34989481,7.373313236
979,23.29957085,8.193274689,5.614340115,2.483277416,7.277572632
981,23.25959702,8.408807373,5.860330868,2.618951178,7.451021576
983,23.41769753,8.919434929,6.045855522,2.779907656,7.753901482
985,24.01616898,9.066751862,6.183128262,2.870564508,7.741665077
987,23.70521355,9.185294724,6.320604992,2.931226873,7.669774723
989,23.89419098,9.454623795,6.451159096,3.185239792,8.156549072
991,24.35382614,9.631360817,6.511672306,3.221009302,8.302961159
993,24.45162086,9.844809341,6.618642807,3.11945281,8.006351757
995,24.68764954,10.18886395,6.734476185,3.320851564,8.171988869
997,24.90229187,10.46303806,6.8806674,3.553038883,8.291330242
999,24.93124504,10.53285198,6.972847271,3.546826315,8.118303108
1001,25.08007355,10.65113125,7.196295547,3.543523979,8.460323524
1003,25.27313118,11.09987354,7.300094604,3.678164101,8.566283989
1005,25.15799141,11.24496536,7.281133366,3.762192297,8.314836025
1007,25.28385544,11.24712677,7.371526432,3.724901199,8.529993439
1009,25.85359421,11.53172131,7.384320259,3.837910938,8.507607555
1011,25.93417702,11.7278717,7.488606548,3.905539083,8.522663212
1013,25.94828835,11.77685471,7.51761837,3.858066225,8.284385586
1015,26.16527901,11.92695236,7.604039574,3.993131113,8.458235455
1017,26.32465591,12.32087193,7.738314438,4.202101374,8.442887497
1019,26.49872894,12.19721985,7.872224998,4.198018169,8.34811945
1021,26.3757637,12.23809471,7.896624756,4.255308962,8.456248665
1023,26.66192322,12.57245522,7.898296261,4.434539509,8.389014626
1025,26.92208099,12.6404026,7.929711628,4.345587444,8.590730095
1027,26.85410957,12.70819244,7.909366608,4.308246374,8.363456535
1029,26.99463654,12.96502457,8.06019001,4.421628857,8.404307938
1031,27.19636497,13.16189995,8.069163036,4.486101055,8.65797081
1033,26.90349083,13.12429161,8.224368572,4.486161137,8.38771553
1035,26.97257957,13.14850807,8.226882458,4.633178329,8.477645016
1037,27.34917717,13.29310341,8.115981102,4.667016602,8.489369583
1039,27.30515099,13.26566868,8.165307999,4.527556419,8.359813976
1041,27.12893753,13.15002975,8.17590332,4.63254385,8.443637657
1043,27.2599926,13.34661732,8.179956913,4.823798943,8.328072453
1045,27.33609238,13.29399242,8.149379158,4.721900845,8.3676404
1047,27.30495644,13.25258942,7.932685089,4.825953388,8.317051792
1049,27.36872864,13.43447685,7.894914722,5.077323341,8.219684601
1051,27.15434036,13.3618679,7.774237823,5.073264313,8.232828712
1053,27.25924416,13.29787693,7.601378632,4.898586655,8.019668293
1055,27.18771362,13.28239822,7.529019737,4.859002209,8.059080601
1057,27.06724625,13.33979816,7.444850922,5.060219288,8.10373373
1059,26.96002388,13.1897831,7.26239872,5.044512749,7.897040367
1061,26.9842556,13.21700573,7.05564146,5.047723484,7.990796566
1063,26.98951874,13.30536995,6.981288147,5.093627262,8.101004314
1065,27.12589149,13.22674198,6.853994942,4.920294476,7.888928127
1067,26.69024429,13.12071476,6.729159546,4.834182644,7.989883041
1069,26.29890404,13.17093143,6.601015759,4.945234394,7.935772133
1071,26.32774582,13.03245068,6.371057606,4.980173492,7.915926838
1073,26.38597412,13.01124287,6.213345146,4.853691673,7.8609128
1075,26.22389755,13.02131042,6.081659985,4.857520199,7.64304409
1077,26.00542221,13.03584766,5.878809071,4.903773022,7.67855196
1079,25.97713737,12.93087006,5.638500309,4.738137531,7.629381943
1081,25.72992668,12.72332973,5.422155666,4.739703465,7.604873085
1083,25.72290115,12.84928513,5.323234177,4.748585987,7.481307507
1085,25.38924522,12.62836971,5.167521,4.60621376,7.376575851
1087,25.26528931,12.41437454,4.97472887,4.599136162,7.259392262
1089,25.31445541,12.52029781,4.828629112,4.608464813,7.180874729
1091,25.05484543,12.4924839,4.629014587,4.517337513,7.076662064
1093,24.77981758,12.27218361,4.452762604,4.488930511,6.982506084
1095,24.56176567,12.29674053,4.308599281,4.41818409,7.054208851
1097,24.37575645,12.42897625,4.114902687,4.328437138,6.92291832
1099,24.19450417,12.26306267,3.991269064,4.228580523,6.845925999
1101,23.96215057,12.24991112,3.770784187,4.251075411,6.972167397
1103,23.92486191,12.24303055,3.457994032,4.302092123,7.0527915
1105,24.04296951,12.21365528,3.170000839,4.383298874,6.84438076
1107,23.80660286,12.29287872,2.895185518,4.480355453,6.797308254
1109,23.76676674,12.22188511,2.655974817,4.599295616,6.998546028
1111,23.45860596,12.05946159,2.544371414,4.584723949,6.913316154
1113,23.24166908,12.05664616,2.497102833,4.446225166,6.707386303
1115,23.02897263,11.98590546,2.528438044,4.360520649,6.802633381
1117,22.69418068,11.84070091,2.542956829,4.173284101,6.6250844
1119,22.34710083,11.61506424,2.568975401,3.936577177,6.338136196
1121,21.87467422,11.42690487,2.654380226,3.87205472,6.323275375
1123,21.61642456,11.33965893,2.575843906,3.855024672,6.312962151
1125,21.55644836,11.24605236,2.520477724,3.724371481,6.257331467
1127,21.30473557,11.12674217,2.507424688,3.667699766,5.946922588
1129,20.89612427,11.03351822,2.469389772,3.694890404,6.02316618
1131,20.67087975,10.96163025,2.437098551,3.578944111,6.046150684
1133,20.36035767,10.58601742,2.38958149,3.47616744,5.850006294
1135,20.19250603,10.40360451,2.38169322,3.392390442,5.862983704
1137,19.82436142,10.43973942,2.398382711,3.305684519,5.83381443
1139,19.41915016,10.10184441,2.372609043,3.198358965,5.6872715
1141,19.10939636,9.960711861,2.364379978,3.165250921,5.709907913
1143,18.88456039,10.07000217,2.319257832,3.107092476,5.613469601
1145,18.69019089,9.821251488,2.269816732,3.042882013,5.522381306
1147,18.28563728,9.608697128,2.198567867,2.973880386,5.289708233
1149,18.08663025,9.609321785,2.092102432,2.974235535,5.252724648
1151,17.87668648,9.505530739,1.979304433,2.892689753,5.186226082
1153,17.4492981,9.332957649,1.899040055,2.816975737,4.973916149
1155,17.09756584,9.161742401,1.814649796,2.74662652,4.975529003
1157,16.88233757,9.085909081,1.78576982,2.66203084,4.913509941
1159,16.52619228,8.753639221,1.692957997,2.505221748,4.859740448
1161,16.29684296,8.593997765,1.65794332,2.492110276,4.806546402
1163,15.89072933,8.598698616,1.585650349,2.505499601,4.744802284
1165,15.53137932,8.318958664,1.56085279,2.36922946,4.663982487
1167,15.31459751,8.179187202,1.491003871,2.388137484,4.543890476
1169,15.06663876,8.158533573,1.477155566,2.438375759,4.490352249
1171,14.69756565,7.92102623,1.508344746,2.259164405,4.326922131
1173,14.35115547,7.629963112,1.457086754,2.13226788,4.102874136
1175,14.19336491,7.547465706,1.426197147,2.115590501,4.05176487
1177,13.91800728,7.365026569,1.373814821,2.032737112,4.078709888
1179,13.65452213,7.18052721,1.338986444,1.967901754,4.011469698
1181,13.28061924,6.962555885,1.260897493,1.926329684,3.866642332
1183,12.99952564,6.995988464,1.271334147,1.845327806,3.736131763
1185,12.708111,6.763597107,1.201205409,1.746999454,3.714734268
1187,12.31065311,6.535172653,1.197719574,1.611590242,3.544118547
1189,12.05957012,6.446518707,1.204414845,1.455051494,3.4143013
1191,11.81401024,6.181454277,1.203216386,1.405955887,3.279107952
1193,11.51875687,5.942195988,1.218684709,1.307361031,3.147877789
1195,11.17105331,5.739513779,1.26165309,1.115710211,3.029770613
1197,10.94093742,5.624079227,1.240866113,1.039210999,2.798419046
1199,10.65253067,5.358330154,1.16909461,0.943835878,2.636095428
1201,10.22719421,5.138687325,1.272325373,0.857304335,2.52700119
1203,9.700068855,4.955268955,1.191755891,0.771032643,2.394151235
1205,9.353358078,4.675899696,1.148678112,0.645860708,2.242629552
1207,8.926450348,4.433488464,1.087001681,0.562679705,2.25120759
1209,8.316451263,4.183034706,1.069701707,0.62005651,2.004023957
1211,7.956837368,3.99674325,1.206229484,0.589454341,1.829209304
1213,7.509372616,3.494039869,1.130387235,0.528029692,1.762741017
1215,7.108727741,3.043936348,1.062480778,0.473032176,1.703227639
1217,6.747919464,2.638587427,1.001326197,0.423503156,1.649631763
1219,6.55114069,2.55766263,1.13774296,0.621285827,1.571114063
1221,6.298388004,2.390387583,1.124365067,0.636699452,1.598299384
1223,6.062926006,2.286320734,1.007798684,0.611953011,1.595546055
1225,5.849640179,2.286358309,1.05680297,0.544991362,1.624630761
1227,5.46479187,2.147310472,1.054211661,0.425693666,1.522571397
1229,5.314991188,2.057264018,1.110164309,0.411632131,1.356909466
1231,5.057779503,2.079300165,1.215274322,0.439780407,1.334917605
1233,4.957745266,1.914093375,1.257396519,0.386779219,1.179452837
1235,4.660190773,1.778954935,1.37578311,0.29319641,1.11656462
1237,4.708459759,1.864702559,1.418465972,0.267403117,1.247386241
1239,4.565198326,1.78047657,1.381304306,0.295798479,1.361645675
1241,4.349595499,1.671218014,1.366906995,0.199671427,1.289437771
1243,4.066641474,1.775212336,1.317052174,0.205167336,1.201297641
1245,4.008395052,1.780036712,1.456353778,0.260074015,1.293673372
1247,3.951101255,1.652644277,1.472723073,0.333238146,1.283433747
1249,3.867027664,1.531853414,1.521472257,0.364423369,1.394598341
1251,3.831972218,1.462238169,1.602956557,0.349926127,1.440440726
1253,3.650393295,1.491376758,1.614844501,0.299962657,1.508567429
1255,3.606432581,1.49919157,1.745291734,0.239692983,1.402841258
1257,3.565983391,1.508179617,1.791742289,0.289156083,1.450178075
1259,3.593459272,1.594591141,1.87288934,0.373261783,1.424749112
1261,3.562963629,1.579460382,1.964815342,0.356175394,1.386219263
1263,3.387944555,1.61440053,2.02292428,0.421698579,1.435164809
1265,3.456101418,1.545641017,2.02986095,0.481538671,1.397730041
1267,3.54413681,1.561941409,1.996292472,0.526307243,1.496864128
1269,3.589251566,1.574760056,2.029708803,0.509705347,1.530131221
1271,3.573572254,1.52038722,2.151164806,0.521358123,1.559782577
1273,3.628005981,1.583929086,2.230809891,0.615327024,1.599714828
1275,3.62477603,1.647253299,2.318239141,0.577208471,1.654884124
1277,3.546043444,1.73068428,2.379192591,0.556453937,1.804221892
1279,3.56402421,1.836912465,2.442787766,0.590778965,1.940943861
1281,3.589685392,1.88318069,2.447451961,0.62752772,1.94823091
1283,3.588154888,1.878010988,2.513780868,0.606365064,2.027250051
1285,3.656252861,1.903954673,2.518047059,0.565214068,2.144443178
1287,3.704369545,1.948233604,2.611198425,0.602868873,2.154350829
1289,3.803450775,1.992181396,2.735946083,0.673877847,2.120979238
1291,3.96662817,2.067121005,2.923130655,0.796898448,2.157938242
1293,3.955663776,2.141264534,3.047651172,0.817724037,2.344215441
1295,3.958226585,2.236026812,3.115159774,0.88813951,2.423155737
1297,4.07393198,2.273191833,3.219170952,0.961653399,2.475517416
1299,4.174676228,2.332716227,3.269947028,0.978239727,2.564073849
1301,4.141936016,2.447061205,3.346096158,1.001322854,2.585756302
1303,4.130387259,2.460839128,3.318819618,0.979916978,2.696609926
1305,4.183965302,2.493054533,3.278126311,0.96731714,2.782610083
1307,4.186811733,2.477115631,3.349642825,0.965347636,2.801684475
1309,4.154195929,2.479181194,3.338852191,0.977735007,2.845378637
1311,4.127645969,2.452513504,3.177519274,0.925687945,2.841203356
1313,4.045590734,2.404185867,3.044123006,0.787118322,2.805812883
1315,3.875446224,2.394857693,2.944179559,0.760214388,2.860569906
1317,3.754535389,2.341456127,2.801270819,0.757233846,2.852861023
1319,3.773924923,2.277375555,2.719711828,0.774034321,2.803082371
1321,3.674037218,2.283252621,2.653382444,0.737306929,2.869101477
1323,3.631949282,2.302981615,2.603852963,0.719777071,2.949089718
1325,3.67877202,2.327218056,2.588543367,0.774493396,3.079514027
1327,3.602137184,2.390116119,2.625757957,0.797882152,3.151261759
1329,3.642872429,2.477659464,2.679362035,0.8151196,3.23276391
1331,3.778588676,2.550047779,2.734337378,0.844598413,3.324824667
1333,3.81549468,2.630369616,2.897284389,0.906996024,3.383268023
1335,3.903187847,2.701108694,3.171569991,0.971236205,3.413325214
1337,4.084177923,2.801729727,3.496861768,0.983963466,3.542518997
1339,4.313265514,2.977473688,3.770252085,1.088711548,3.633080864
1341,4.460830116,3.161362457,4.073503995,1.31876204,3.736768484
1343,4.525101757,3.32171731,4.26598053,1.54097563,3.817343092
1345,4.709465027,3.467865372,4.379091692,1.719051182,3.992746162
1347,4.853681469,3.560236883,4.577345467,1.82985121,4.063747168
1349,4.966821861,3.632782841,4.861390734,2.081250501,4.15496521
1351,5.104162788,3.747487068,5.116703129,2.245435476,4.325317383
1353,5.136824512,3.830453634,5.164069653,2.115922141,4.252228594
1355,5.157276249,3.840866756,5.169109869,2.146575093,4.188949442
1357,5.183691788,3.863363791,5.222588539,2.245825887,4.351577663
1359,5.27154789,3.915226078,5.462821245,2.260494304,4.384414673
1361,5.373711777,4.020922756,5.847482538,2.160764885,4.356430054
1363,5.618540096,4.251094818,6.394844055,2.551672697,4.462643147
1365,5.990810204,4.563843727,6.80593996,3.204575205,4.697461319
1367,6.312375736,4.809399223,7.192746353,3.468544388,4.830116463
1369,6.472684097,4.975108337,7.659916115,3.860240889,4.875007725
1371,6.615746212,5.127332211,7.959264088,4.055149269,4.913828945
1373,7.023816204,5.302388477,8.590111351,3.874185276,4.940392494
1375,7.614940357,5.856158733,9.411176491,4.953556919,5.240001869
1377,7.613682079,6.074504375,9.558454037,5.284180021,5.395511436
1379,6.827554893,5.57139616,8.368619537,4.373893023,5.039015198
1381,5.73927927,4.661322021,6.498356295,3.034637976,4.592340565
1383,4.743256569,3.841966391,4.925205898,1.902394056,4.16018362
1385,4.11488018,3.241092968,4.060063314,1.294951725,3.867255878
1387,3.631489563,2.847743225,3.419268703,0.898111093,3.730996943
1389,3.398756027,2.756419611,3.105994987,0.835125101,3.67519002
1391,3.267347193,2.724414253,2.978097582,0.819159448,3.605244493
1393,3.132859802,2.590808916,2.967348361,0.736558926,3.401150179
1395,3.104396009,2.560456085,3.008706331,0.655354095,3.346469355
1397,3.060483837,2.56573391,3.080722618,0.687168258,3.317983007
1399,3.206863785,2.670220852,3.278658414,0.813442576,3.434215021
1401,3.405138111,2.790683746,3.424361086,0.842802095,3.479086542
1403,3.387949514,2.91128583,3.735612202,0.852317095,3.474761868
1405,3.561910582,3.016928291,4.162181234,0.917245758,3.631288576
1407,3.928596067,3.264699936,4.635845947,1.125525224,3.551762867
1409,4.287169361,3.592509985,5.269009781,1.388890386,3.542987394
1411,4.493868542,3.811456633,5.738327694,1.552066565,3.598662329
1413,4.356035328,3.661406422,5.557947826,1.496939778,3.495660353
1415,4.029262114,3.256198788,5.190286636,1.271694052,3.175075531
1417,3.56901269,2.798649263,4.804846859,0.962330258,2.638781071
1419,3.322880602,2.579829741,4.506701136,0.873730433,2.591547251
1421,3.319624472,2.591438675,4.417986488,1.006907403,2.612940836
1423,3.368072557,2.639713717,4.755994701,1.024342191,2.509191942
1425,3.535963917,2.866281605,5.233710766,1.107089865,2.665252495
1427,3.843115568,3.164975023,5.854871321,1.242460787,2.709531212
1429,4.263151264,3.535061073,6.8517591,1.406692219,2.818534136
1431,4.791585255,3.971917009,7.890391207,1.747542429,2.966659975
1433,5.347214794,4.419387245,9.032325363,2.006735945,3.090090656
1435,5.700343227,4.417396069,10.00689735,2.016327739,2.818365145
1437,6.399850178,5.147074318,11.27330589,2.645359421,3.350230265
1439,6.925584793,5.746455669,12.00865946,3.148711061,3.702614117
1441,7.502262783,6.111743832,12.86616144,3.463148928,3.973865032
1443,7.964444637,6.552037525,13.71038084,3.732171249,4.10256567
1445,8.380709553,6.89834528,14.91830864,3.941389179,4.236390972
1447,9.018527794,7.375334549,16.61874256,4.183628845,4.352099514
1449,10.57152767,7.855881691,17.19918041,4.90829134,4.95780344
1451,12.06760807,8.318815804,17.75834332,5.606393528,5.541307449
1453,13.50984058,8.7650877,18.29738102,6.279369831,6.103809643
1455,14.53122787,9.556511307,20.40703621,6.388791084,6.219569683
1457,16.54375954,11.0818222,24.78010483,6.712742329,6.811192417
1459,23.30631599,18.77330742,32.40451164,15.57666416,11.24194489
1461,34.68424606,32.90301285,47.6253067,23.04296112,18.61760483
1463,41.27396317,40.03030014,55.9836174,24.52116089,22.69978371
1465,37.06072464,33.44642487,48.07083511,24.74797974,19.86749153
1467,31.49453011,26.35137367,39.87954788,24.23464241,16.39855423
1469,29.90217209,23.83520355,37.71142197,24.01553993,15.1114706
1471,32.98591843,25.74957542,40.30359726,24.34757729,16.5076519
1473,33.62545776,26.04207611,39.30008011,22.4546669,17.84716034
1475,23.61342888,17.40657578,28.88202858,13.98691368,12.42742901
1477,12.66709709,8.393829155,17.25249939,5.924731159,6.229063606
1479,7.714048004,4.749195004,11.4916069,2.79888382,3.490388155
1481,5.166827202,3.130838585,8.344632435,1.450330627,2.26250627
1483,3.86384244,2.396677208,6.393505096,0.910437429,1.502089691
1485,3.278983355,1.758323789,5.226974201,0.739430606,0.914255667
1487,2.387093258,1.383298016,4.433712149,0.537144687,0.302678408
1489,1.441463542,1.096050239,3.669149113,0.383477141,0.065141954
1491,1.826560521,0.864500606,3.232247019,0.448550733,0.191338681
1493,1.952646327,0.8767802,3.114048338,0.350425258,0.219054812
1495,1.522816467,0.730055285,2.799352717,0.2527156,-0.097280511
1497,1.209751952,0.648652518,2.578073001,0.033555039,-0.08896904
1499,1.458810282,0.58059603,2.305427957,0.063130347,-0.128404329
1501,1.47534008,0.487340426,1.934083867,0.232782958,0.03128151
1503,1.298686028,0.443557644,1.792765522,0.173130932,-0.07450299
1505,0.90534339,0.384993026,1.10247457,0.186598945,-0.498963285
1507,0.583659285,0.221225229,0.35065452,0.145809327,-0.757212961
1509,0.280330144,0.265498516,0.789054352,0.040268427,-0.640232953
1511,0.283944002,0.177340177,1.079761469,-0.07864615,-0.430990314
1513,0.39172353,-0.00399391,1.079172862,-0.075022352,-0.430910604
1515,0.381353226,-0.156848867,0.987202239,-0.254656583,-0.524143153
1517,0.586646779,-0.123287724,0.63494634,0.002214953,-0.423010414
1519,0.488259861,0.293364662,0.766104734,0.006375425,-0.448590083
1521,0.108231652,0.287688708,0.539879029,-0.140931219,-0.517570014
1523,0.064550242,0.391625989,0.494545119,-0.307012236,-0.592944394
1525,0.26474682,0.171113074,0.491979058,-0.300334194,-0.681227171
1527,0.48026965,-0.086696327,0.634551287,-0.124456044,-0.784755938
1529,0.739411896,0.203183377,0.888445586,-0.059341739,-0.433037903
1531,0.615394497,0.321893196,0.888932395,0.183572483,-0.478768042
1533,0.432711536,0.30234964,0.696964543,0.358661269,-0.420185283
1535,0.502977157,0.386252362,0.905501544,0.210926836,-0.267297126
1537,0.342853811,0.26324677,0.705624151,0.213585125,-0.402191548
1539,-0.135688187,0.134722893,0.302217935,0.232661217,-0.512578901
1541,0.293068798,0.244772422,0.641209406,0.409293213,-0.507824957
1543,0.662343174,0.324590428,1.014899707,0.630481246,-0.420368932
1545,0.669054979,0.293735796,0.825137162,0.375587213,-0.262164227
1547,0.702810025,0.373346758,0.854431579,0.130973128,-0.195717052
1549,0.564570397,0.376274291,0.830004388,0.114601391,-0.253203273
1551,0.727763474,0.4566571,0.859187818,0.121873932,-0.152065822
1553,0.731686342,0.372568136,0.75126633,0.102000339,-0.142175325
1555,0.800705874,0.405110952,0.556694645,0.157374948,-0.213989513
1557,0.435492851,0.47870203,0.333905882,-0.044815744,-0.68928656
1559,0.173281866,0.434480488,0.460706782,-0.175211876,-0.899641263
1561,0.691681051,0.312968411,0.734783739,-0.10032813,-0.080810655
1563,0.725000525,0.343097743,0.71211623,-0.024058589,0.054134981
1565,0.779067099,0.455052155,0.649337196,0.030882762,0.141877395
1567,0.637721121,0.52959041,0.710441232,0.07161407,0.103909439
1569,0.516289467,0.544689733,0.788566351,-0.006446522,-0.086587317
1571,0.670299888,0.639714658,0.835246587,0.043236962,0.128508142
1573,0.775845563,0.634251881,0.764724708,0.018219319,0.21351511
1575,0.544759429,0.499175847,0.725701445,0.035765555,-0.051737465
1577,0.716071916,0.528817415,0.717980868,0.087880268,0.200112645
1579,0.95785346,0.651099598,0.792858547,0.09803726,0.444980925
1581,1.027931154,0.735529625,0.803005725,0.099044338,0.512158728
1583,1.060352898,0.746498466,0.773592496,0.101625959,0.517059952
1585,1.037393701,0.718789196,0.801329261,0.081755532,0.519920778
1587,1.052209437,0.755751348,0.789582944,0.095944095,0.552269071
1589,1.063543582,0.783135927,0.785417753,0.077033748,0.544705045
1591,1.074943876,0.730952656,0.820321792,0.101324087,0.574307704
1593,1.058743024,0.717220163,0.796865439,0.087416203,0.608420873
1595,1.02184962,0.772747481,0.777822149,0.040228366,0.605392051
1597,1.031155741,0.788201118,0.741772312,0.048886014,0.59514693
1599,1.04172014,0.790003812,0.759576416,0.048994438,0.629324663
1601,1.068419075,0.7459589,0.718752402,0.089886131,0.66890375
1603,1.172484851,0.781319284,0.715885192,0.069412505,0.684379292
1605,1.153571641,0.827825642,0.716896188,0.061458945,0.722844827
1607,1.124100864,0.865104091,0.728730088,0.032432924,0.725609118
1609,1.106415462,0.822446764,0.726063311,0.078142858,0.809336495
1611,1.161605,0.784968328,0.696722573,0.11945891,0.867482924
1613,1.21669383,0.773336422,0.729880148,0.084897115,0.844665754
1615,1.076343775,0.713277483,0.721868384,-0.049040458,0.602782899
1617,1.08916564,0.775664449,0.748747361,-0.074616306,0.682911825
1619,1.23056159,0.818349671,0.669551659,-0.021867093,0.922266543
1621,1.236679125,0.822353852,0.650711226,0.0472186,0.941334486
1623,1.22695663,0.812192214,0.681592327,0.119736386,0.938976276
1625,1.30948627,0.798652065,0.639784628,0.121598574,1.092963445
1627,1.412680602,0.815315938,0.649489874,0.100947921,1.090774441
1629,1.364428496,0.852098501,0.748073542,0.100566594,1.247557473
1631,1.358480263,0.875077069,0.804617119,0.091263737,1.374947357
1633,1.281098437,0.872190726,0.765259135,0.073841402,1.195148003
1635,1.126187587,0.786269891,0.712265289,0.028870237,0.773476648
1637,1.221547294,0.776466489,0.714383084,0.062210719,0.989795446
1639,1.305548429,0.872098494,0.774794978,0.075486597,1.256840777
1641,1.295153761,0.888845205,0.766954547,0.073037558,1.340029812
1643,1.234037352,0.888447011,0.719895566,0.0952622,1.367463207
1645,1.029777551,0.839529943,0.588642514,0.058604112,1.00625447
1647,0.999493945,0.809425735,0.513335723,0.091667439,0.939211535
1649,1.14686017,0.810131884,0.557570869,0.07248988,1.171303511
1651,0.890418231,0.662011826,0.336709012,-0.011847267,0.69157083
1653,0.712049162,0.657184005,0.38999854,0.038343757,0.303809547
1655,1.081880128,0.751954091,0.585961002,0.071301376,1.266072845
1657,1.299169898,0.8277089,0.698709124,0.061592769,1.555054021
1659,1.315022683,0.95107286,0.686713582,0.068324172,1.59283042
1661,1.239919615,0.939566493,0.593679488,0.025864504,1.473992753
1663,1.310260987,0.97280407,0.667580742,0.082859895,1.545414782
1665,1.361211419,1.001852167,0.66018185,0.089759176,1.73325119
1667,1.267718339,0.924005711,0.662701058,0.082736103,1.609736323
1669,1.189084411,0.925218093,0.786664712,0.091598326,1.459309959
1671,1.295847535,0.937950671,0.911293411,0.069335445,1.560445905
1673,1.318367338,0.906570315,0.906043154,0.026169832,1.618698335
1675,1.47189846,1.0184273,1.077842784,0.070487447,1.670563412
1677,1.575733161,1.159131455,1.190081894,0.092225464,1.841283441
1679,1.508744431,1.178227687,1.298213542,0.059102348,1.774219966
1681,1.519148755,1.112337029,1.351524353,0.123865513,1.665781736
1683,1.388499212,0.934017551,1.205809224,0.109580934,1.077667546
1685,1.563720965,1.091027009,1.428872108,0.146574824,1.300819349
1687,1.743631983,1.222785521,1.657313418,0.221844436,1.574608469
1689,1.969033861,1.385122728,1.868304884,0.214635745,1.75406208
1691,2.245520353,1.557643747,2.182307005,0.273642676,1.916221094
1693,2.314781284,1.650151634,2.432602406,0.330804607,1.946461749
1695,2.375448179,1.668394732,2.786351848,0.346986771,1.692184854
1697,2.769125986,1.955287433,3.377714062,0.461133993,1.696043205
1699,2.824496841,1.873369169,3.700194407,0.384298085,1.223963153
1701,3.841290188,2.765139484,4.904992819,0.709702152,1.990930319
1703,4.34307518,3.224049044,5.616158438,0.914902091,2.268863058
1705,4.93455677,3.851512003,6.598710966,1.122830164,2.579554701
1707,5.887187576,4.788562298,7.439921761,1.633236885,2.89879241
1709,6.555745602,5.412948704,8.214395714,1.975077939,3.073287773
1711,7.25687294,6.148685265,8.975418282,2.665297866,3.446631765
1713,7.96511755,6.752004433,10.23454838,2.757430553,3.759251547
1715,8.94734745,7.771566772,12.15919323,2.934439254,4.110340881
1717,10.36346664,9.335076904,14.89821396,3.857814169,4.567514992
1719,12.45827885,11.71104088,16.36830063,7.492814207,5.888376236
1721,12.88130016,12.19410782,16.29834251,8.228247738,6.276765728
1723,11.87199268,11.07865238,14.98638077,6.950113821,5.606169796
1725,9.342705154,8.353897095,11.7017602,4.522314262,4.36461525
1727,6.680725098,5.598667049,8.426597404,2.426168513,3.094262791
1729,4.789420319,3.788108492,6.229707193,1.32576524,2.154893303
1731,3.572896767,2.57974267,4.769990969,0.772525227,1.51833384
1733,2.676521873,1.808165503,3.874971914,0.426088288,0.717977589
1735,2.366516018,1.594629669,3.245764709,0.384059779,0.857068086
1737,2.302403021,1.53776536,2.912363005,0.339868805,0.944251084
1739,2.158848834,1.364383936,2.646871471,0.239629558,0.71367209
1741,2.193491578,1.232381105,2.435029554,0.254443341,0.633828151
1743,1.898931313,1.026640952,2.268432713,0.25328092,0.592528737
1745,1.552238321,0.898463142,1.920206583,0.179513466,0.455266112
1747,1.273662758,0.733652866,1.493372488,0.175764877,0.090435715
1749,1.034060276,0.54488098,1.269610298,0.203937623,-0.192887205
1751,1.124169517,0.611909932,1.226393652,0.064451438,-0.165335554
1753,1.119835913,0.595459479,1.278234482,0.089595868,0.00133457
1755,0.870959747,0.472238052,1.145503533,0.048462717,-0.011499189
1757,0.723992574,0.423252064,0.97529974,-0.009351745,-0.022108841
1759,0.656239456,0.381755751,0.878444308,-0.024644282,-0.05577514
1761,0.470357233,0.397331384,0.85774563,-0.124142373,-0.193420719
1763,0.358624208,0.32989428,0.885148627,-0.128649241,-0.198966964
1765,0.422342286,0.354934961,0.772368294,-0.084126075,-0.209570862
1767,0.328661445,0.386857057,0.663719946,-0.045121763,-0.387561081
1769,0.273749632,0.332641417,0.524370372,0.021513298,-0.46399107
1771,0.159799594,0.221881942,0.442064968,-0.057618192,-0.51556262
1773,0.300528639,0.168721192,0.556987625,-0.00611748,-0.246428999
1775,0.245042894,0.22457244,0.411284506,0.209812361,-0.288857958
1777,0.264938639,0.29485375,0.425235093,0.084070994,-0.374046318
1779,0.18491683,0.226750669,0.381829196,-0.165389802,-0.478331704
1781,0.213591865,0.16584238,0.363257411,-0.057853766,-0.495680922
1783,0.159592964,0.105242116,0.315153441,-0.075430582,-0.380981582
1785,0.092607037,0.122756237,0.146361105,-0.073475547,-0.281450378
1787,-0.094103522,0.160651989,0.20197778,-0.024499667,-0.56915527
1789,-0.13324507,0.159157342,0.192963874,-0.053494883,-0.805430305
1791,-0.301659858,0.141456699,0.060517079,0.172405686,-0.696231335
1793,0.117562926,-0.038175294,0.277109723,0.09279547,-0.548643103
1795,-0.026333399,-0.062820251,0.241129369,0.084150451,-0.514914906
1797,-0.067574733,0.061635639,0.294709945,0.024503028,-0.485381442
1799,0.173750331,0.329664305,0.174456769,-0.29764567,-1.003805608
2687,0.137544417,0.27585265,0.206652193,-0.155795482,-1.05229826
2689,0.064681639,0.167559296,0.271444026,0.129671141,-1.149887395
2691,-0.157581329,-0.162782358,0.469087744,1.000469053,-1.447577047
2693,1.222504121,-0.11469543,0.560891861,0.93645744,-0.628732514
2695,1.301640362,0.574215187,0.939890572,0.197209501,-0.65586246
2697,1.606631216,1.58709619,1.671423823,0.225521272,-0.364876831
2699,1.696835011,0.770311522,1.765426767,1.103729099,0.422258395
2701,1.777549112,-0.08684538,2.490767884,1.056875336,0.114037102
2703,1.224906969,-0.182665691,3.085347772,0.427253646,-0.614263965
2705,1.170031339,0.144346633,2.992798042,0.08433851,-0.589457113
2707,1.910903811,0.618324971,3.706737232,0.266281071,-0.241330099
2709,2.29451468,0.87672348,4.125196695,-0.004146543,0.438086945
2711,2.24128052,0.973610014,4.269753933,0.133668119,0.282439476
2713,2.582241535,0.723299116,4.395507383,0.245622573,0.325249457
2715,3.308174372,0.632510543,5.00410738,0.166008382,0.274811625
2717,3.345791578,0.456194675,5.013311768,0.032260051,0.209066062
2719,3.252668238,0.646212769,4.959568834,0.035927683,0.187865406
2721,3.391193581,0.759213293,4.968617296,-0.036447953,0.551012439
2723,3.511488819,0.681957126,5.191187954,0.100818043,0.776060092
2725,3.515271473,0.996358323,5.40655508,0.436464828,0.526987907
2727,3.773582172,1.163586563,5.816851807,0.469240695,0.477538052
2729,3.949929714,1.242253399,6.021185303,0.453313956,0.839525759
2731,4.008048725,1.525075483,6.137485123,0.44594774,1.053178781
2733,4.028750229,1.587047172,6.266231346,0.484473297,1.00266692
2735,4.190327358,1.539952874,6.592374992,0.386687961,0.958106124
2737,4.399903488,1.498689914,6.491806602,0.409220468,1.048070562
2739,4.605913448,1.449990296,6.516753387,0.432589964,0.926995361
2741,4.547755527,1.637151623,6.793820286,0.392936902,1.172439551
2743,4.623285198,1.794468212,6.871314144,0.44854185,1.185901165
2745,4.613711357,1.828298831,6.713320732,0.474906741,0.967108381
2747,4.477298927,1.793117929,6.614224625,0.607317132,0.955410874
2749,4.420062351,1.767970729,6.725533295,0.528463101,0.9998873
2751,4.635372543,1.895920825,6.714944744,0.44898264,1.083672726
2753,4.68168478,1.967314601,6.759440231,0.563462037,1.11771605
2755,4.670725918,2.053818989,6.867302418,0.721572733,1.292497838
2757,4.919296646,2.066662097,7.204419231,0.757122147,1.447110844
2759,5.0913661,2.032616949,7.477593517,0.685075665,1.48776772
2761,5.253389931,2.093036652,7.661581135,0.761567926,1.424000406
2763,5.493720436,2.250558805,7.787938881,0.679280269,1.417670822
2765,5.537850761,2.333789778,7.957603645,0.74462626,1.630284953
2767,5.568791294,2.404831648,8.041670418,0.944262528,1.678390336
2769,5.84757576,2.410859346,8.307136631,0.878099793,1.822552729
2771,6.079999924,2.592712784,8.752094555,0.837508994,1.968815064
2773,6.208782196,2.665900755,9.062730217,1.027417219,2.107927418
2775,6.514888287,2.709723234,9.44226799,1.163649452,2.203739977
2777,6.672851181,2.88757658,9.849917412,1.218663144,2.173845077
2779,6.810622215,3.119535875,10.22734165,1.236722648,2.195051861
2781,7.180689144,3.203475904,10.58476467,1.314534879,2.474039841
2783,7.599211597,3.414433002,11.25376415,1.414226246,2.765618658
2785,7.989625931,3.689468288,11.86355495,1.566772079,2.92872963
2787,8.446738052,3.891187954,12.31111851,1.759287405,3.044615889
2789,8.827289391,4.097871542,13.01450691,1.858021259,3.210641575
2791,9.212280083,4.367162704,13.64168129,2.056983376,3.461453772
2793,9.865728569,4.738313007,14.40415764,2.170554733,3.583326435
2795,10.42874489,5.090008831,15.19399166,2.204356599,3.848865604
2797,10.88159828,5.393432426,15.96940117,2.372067809,4.178158188
2799,11.38712997,5.670775223,16.57098026,2.573899293,4.262024403
2801,11.83791618,5.985770702,17.26714439,2.696221948,4.557968235
2803,12.19927788,6.315463829,17.81267357,2.781715727,4.757564068
2805,12.60790348,6.629465008,18.48919792,2.979043961,4.955618286
2807,13.15912743,6.818952847,19.39202328,3.251518583,5.149607182
2809,13.93882027,7.284645367,20.04778957,3.519982386,5.369397736
2811,14.46050205,7.789788246,20.83589191,3.77391181,5.78069706
2813,15.0208065,8.223285007,21.77159367,3.974881744,6.118711758
2815,15.79586582,8.73174572,22.8789608,4.16188817,6.476493263
2817,16.74756508,9.199551773,23.91032543,4.562664318,6.840223026
2819,17.8320137,9.861249924,25.09811459,5.01185813,7.246697712
2821,19.09242287,10.77624702,26.43279018,5.59711132,7.883555031
2823,20.33807335,11.68971424,28.09780025,6.400021362,8.411493397
2825,21.74810715,12.64604588,29.48818054,7.265981007,8.907586861
2827,23.61012611,13.912146,31.43703346,8.613635063,9.931061554
2829,25.85880737,15.3372879,33.77459641,10.39213533,11.0036375
2831,28.9113327,17.38166656,36.40576134,12.6321353,12.38605919
2833,32.75039902,19.90736313,39.56242218,15.52264805,14.06073456
2835,38.49556351,23.41297913,43.85366249,19.81796227,16.38858566
2837,46.8353157,28.54961433,49.02991791,25.14270649,19.852314
2839,59.82974319,36.029879,54.88261948,30.48287697,24.5361454
2841,80.52487793,48.28924026,61.01035309,33.0716011,32.46894035
2843,114.121434,67.90370865,63.88741989,32.08119164,45.20464172
2845,165.2283691,97.97643585,56.75618362,26.26156464,61.86002655
2847,228.9688843,129.4101959,30.11510544,21.00518532,80.26639709
2849,273.5473145,145.4855713,7.983347321,19.01277199,94.47245026
2851,273.5122375,142.5825195,7.483234596,15.1805336,92.49633331
2853,237.0406372,129.1837692,25.22137489,10.10028343,82.91432037
2855,190.9584015,111.9593903,45.10959473,9.042189789,69.65866394
2857,151.07052,93.61190491,54.42989273,11.18274002,56.87237244
2859,121.0348083,77.56882324,56.01315231,16.0284565,46.70730133
2861,99.24250031,64.354599,54.38167114,20.72401752,38.58946762
2863,83.64560242,54.25142822,50.92091141,23.78955917,33.2047905
2865,73.24746094,47.25084763,49.25225296,25.58431835,29.22064209
2867,66.3977417,42.71237183,48.9646637,26.3290432,26.56048355
2869,62.3640274,40.12333984,48.58770981,26.3143589,25.22487602
2871,60.0603363,38.60255432,48.33820648,25.98354492,24.48658905
2873,58.66312943,37.98117218,48.26027756,26.48473091,23.91889381
2875,58.4393364,38.33246231,49.67896042,27.04423695,24.31717453
2877,59.99474487,39.55541611,50.09659805,27.32891846,24.92201004
2879,62.60014267,41.55295868,51.26507111,28.75734081,26.18432808
2881,66.23373871,44.21426239,53.79445114,29.93462639,27.90318031
2883,70.50460815,47.16561737,55.44861832,30.6059494,30.10061493
2885,75.30652924,50.05025787,55.3882019,31.55299683,31.84676895
2887,80.13342743,53.21718063,56.31446991,31.93763466,33.28532333
2889,84.77772827,56.12359772,56.96575165,31.63219032,35.69700089
2891,90.02558441,58.5618042,56.96856918,31.65646133,37.7865799
2893,94.81883087,61.47384949,56.15404587,31.1869133,39.36677322
2895,99.99059601,63.84768143,55.9952446,30.91067467,41.38354492
2897,104.5898911,66.19109879,55.84413223,30.47138062,43.41161194
2899,109.8125031,68.92395935,54.4013916,29.88355865,44.75375366
2901,116.1737839,71.02572174,53.65664749,28.90699615,47.0219841
2903,123.6130341,74.55755157,53.01281052,28.38158722,49.63081207
2905,133.5163879,78.47642365,52.05784683,27.89996223,53.01320648
2907,147.6239624,84.54744873,49.11728096,25.17065506,57.58269501
2909,165.9443176,92.44338989,42.88964996,21.07580032,64.87568741
2911,193.0468689,100.8900253,30.65574226,18.6710331,73.10123596
2913,227.4187775,109.2904449,9.236234093,17.15981216,82.81300812
2915,267.037854,115.0755035,11.69716434,16.92115288,93.27379913
2917,294.9412415,115.7157425,27.00485306,17.05675507,98.24362793
2919,301.6450989,114.0963776,31.85472488,15.82326698,99.33586578
2921,295.8259033,112.5449951,28.72838516,14.51120644,98.09953461
2923,274.2953918,109.8512222,19.76944351,12.67927017,94.82160797
2925,248.9249512,105.4956573,7.100334734,9.256777,90.48916931
2927,222.8233032,101.0612885,3.735839176,7.781184006,84.17053833
2929,198.4223297,96.42954254,14.06044064,7.748361444,74.53881531
2931,175.3409698,90.02774963,22.67932377,8.069218349,69.29170685
2933,153.7019348,83.03713379,28.71374779,5.133836842,61.75093002
2935,133.6570618,74.89578552,33.73687057,7.001831055,53.2692131
2937,114.5954742,66.63202286,38.42862892,10.61605816,47.78407135
2939,98.16791992,58.61546326,41.73858757,12.39322634,41.40993271
2941,84.09261932,51.13351974,43.38150139,11.79012957,35.42817688
2943,73.23554535,44.89317474,44.96448784,9.848917198,31.30605164
2945,64.66074219,39.52979507,44.90586853,7.422860575,27.03031006
2947,58.72610016,35.536129,44.55367088,6.095420742,24.2348011
2949,54.87845993,33.23213005,44.99801559,5.641532612,22.85233994
2951,53.4097702,32.51311111,45.66104431,5.309852409,21.46520615
2953,51.79118576,31.19085464,45.86533051,4.89610467,20.88594322
2955,49.12461777,29.67614555,45.63533516,4.464630795,20.10763245
2957,46.74547119,27.83657837,45.64663391,3.859431648,18.8048275
2959,44.69279404,25.95595779,44.8044899,3.123968744,17.45072746
2961,41.61030426,23.34043159,43.23467827,2.40877372,15.6158165
2963,36.81095581,19.92735481,40.8259819,1.726937604,13.71770554
2965,32.53774719,17.18325233,37.23595085,1.13042922,12.13604851
2967,28.48148003,14.94123669,34.07589417,1.530876911,9.20891161
2969,23.8131958,12.2003952,31.46498299,1.894288707,7.237964725
2971,19.53857117,9.811196518,28.93819199,0.968515325,6.09948864
2973,15.94882317,8.244717693,25.07201195,0.531086177,4.712041283
2975,13.14045334,7.537173748,20.79045734,-0.164537751,3.980681562
2977,10.92605572,6.801359558,17.97635889,-0.091691943,3.035353303
2979,9.748586178,6.375901222,17.23492527,-0.272104645,2.424546081
2981,8.831833553,4.150705862,15.41911945,-0.713820648,0.987898946
2983,8.005635262,1.719692339,12.41891184,-0.889982474,1.236473197
2985,3.615890789,-1.674059409,8.571511745,-0.611365139,0.588614917
2987,-0.453455234,-3.480061716,2.974722004,0.280581236,0.25747118
2989,0.048250198,-3.297013235,-1.046526635,0.895030063,3.555900145
2991,3.128784752,1.429227887,1.391041994,7.207266033,2.771029091
2993,2.842337036,5.309833145,3.257350707,5.715626478,-3.561593628
2995,3.335720205,7.411354637,-3.13879534,-1.123979485,-6.668939257
