X value [cm⁻¹],IR Spectrum 11/OPTIR (mV) [],IR Spectrum 10/OPTIR (mV) [],IR Spectrum 9/OPTIR (mV) [],IR Spectrum 8/OPTIR (mV) [],IR Spectrum 5/OPTIR (mV) [],IR Spectrum 4/OPTIR (mV) [],IR Spectrum 3/OPTIR (mV) []
940,2.122233391,0.462580651,0.128884807,0.065574996,0.437858433,0.380725175,0.261061877
942,2.063964844,0.409361273,0.248683691,0.041820966,0.573216259,0.370524585,0.367660075
944,2.126055241,0.468130559,0.294558764,0.114561096,0.493759632,0.368737638,0.30580166
946,2.139862061,0.488500983,0.278748721,0.125006005,0.480074346,0.411451787,0.251658797
948,2.15479064,0.502210081,0.271743715,0.160424501,0.621120393,0.446643949,0.239805132
950,2.1355896,0.523624957,0.326815456,0.190440714,0.66609329,0.489175737,0.238171503
952,2.068635464,0.567690909,0.335226566,0.201557145,0.694034815,0.463307232,0.242095366
954,2.193519831,0.614766359,0.374437302,0.233489931,0.731443703,0.508399606,0.242128268
956,2.288343906,0.618005514,0.392171323,0.255240113,0.778809786,0.569613278,0.289423496
958,2.268364906,0.64434135,0.411967337,0.264137924,0.775633216,0.610316098,0.339011252
960,2.206980467,0.657286584,0.428889245,0.309015363,0.769461334,0.644728065,0.341438621
962,2.168928146,0.665336311,0.419104517,0.332772821,0.775829911,0.662457526,0.3396734
964,2.22939229,0.686094284,0.443157136,0.343413115,0.814517438,0.704133391,0.326114923
966,2.314400196,0.694711626,0.464905709,0.353644669,0.86874634,0.71965158,0.333183557
968,2.296055317,0.688025892,0.493531555,0.370622188,0.842988253,0.684404016,0.350750476
970,2.303375244,0.686013162,0.505571663,0.388334066,0.85477072,0.695717394,0.403611273
972,2.249584675,0.696059346,0.49224028,0.395260632,0.870334506,0.756397843,0.452502161
974,2.260357618,0.704009652,0.495815814,0.414390206,0.887771308,0.798691869,0.49073121
976,2.300201416,0.71282053,0.502046466,0.446039796,0.917940974,0.817394674,0.528446019
978,2.260075808,0.705262482,0.507107377,0.458050072,0.876660585,0.809317052,0.546863258
980,2.259463787,0.696769238,0.501756012,0.463108927,0.886606753,0.836129487,0.592235148
982,2.249143362,0.696041703,0.49346748,0.480010808,0.916176558,0.872427702,0.611451209
984,2.263165712,0.709533691,0.505958378,0.50309664,0.922907591,0.910060406,0.637534201
986,2.283223629,0.720785558,0.512983859,0.51905036,0.953266382,0.935785711,0.676647365
988,2.279727697,0.7353338,0.529700398,0.530332685,0.963297784,0.950072408,0.717354
990,2.306844473,0.750924706,0.540974796,0.547473729,0.974483371,0.964875996,0.731584609
992,2.311179638,0.760262311,0.55427444,0.570807695,1.010148883,0.994377434,0.75753665
994,2.349932432,0.784688532,0.570387006,0.608302236,1.044775724,1.016868114,0.797809005
996,2.412869692,0.793774605,0.579413474,0.642291248,1.07048893,1.017318606,0.842804849
998,2.492673397,0.807514131,0.601179838,0.658927143,1.089224339,1.021440744,0.877436042
1000,2.576559067,0.823435307,0.614959598,0.663248062,1.108517408,1.025553823,0.910327852
1002,2.623117447,0.830904305,0.622909129,0.685332298,1.123982787,1.034158587,0.959555268
1004,2.722700596,0.826447129,0.621240377,0.722553551,1.14319706,1.032298565,0.995622993
1006,2.798051357,0.822395444,0.63433969,0.753347039,1.160868049,1.02744031,1.022585392
1008,2.891716957,0.829959273,0.650184512,0.792316496,1.192692161,1.033338666,1.075691223
1010,3.025072813,0.847323656,0.653238773,0.81864816,1.244800687,1.047970057,1.137089014
1012,3.10188508,0.853058994,0.676936924,0.839715242,1.293741941,1.060474515,1.186809897
1014,3.199048281,0.862776995,0.696358263,0.857764602,1.336105824,1.074142575,1.222970366
1016,3.287976265,0.873176932,0.72273463,0.886330843,1.3784796,1.123458982,1.281888008
1018,3.393779755,0.882018447,0.741312087,0.91892308,1.419395089,1.150399685,1.332718492
1020,3.493187189,0.89640379,0.756147087,0.956763029,1.468395591,1.180801511,1.369297624
1022,3.536869049,0.915248632,0.765976012,1.020450354,1.521754265,1.201230407,1.399318933
1024,3.592739582,0.929148197,0.769429326,1.086235762,1.558971882,1.211477876,1.425209641
1026,3.649723768,0.950123608,0.794757128,1.107511759,1.588142514,1.229203463,1.463826299
1028,3.736774683,0.977076292,0.811140776,1.131810188,1.638442159,1.241380215,1.512137532
1030,3.830098152,1.00274992,0.826559901,1.164624929,1.694339871,1.249780893,1.57336092
1032,3.891974211,1.016414881,0.844245732,1.163413048,1.74115324,1.255090237,1.602427721
1034,3.980880737,1.038729191,0.848403573,1.136671424,1.764211297,1.258770466,1.62711215
1036,4.009177208,1.046109557,0.85763669,1.123064041,1.792934299,1.242272496,1.638508677
1038,4.083144188,1.067311406,0.845325112,1.120618701,1.846227884,1.218443394,1.651448488
1040,4.17595768,1.076257706,0.832517505,1.121008396,1.889816761,1.203529119,1.667262435
1042,4.238210678,1.101601839,0.849055111,1.086080909,1.927775741,1.191063881,1.670637369
1044,4.331930637,1.14524734,0.863272309,1.057059526,1.969408751,1.174588084,1.682140231
1046,4.368481636,1.175797582,0.881759346,1.047839522,2.002046585,1.153374076,1.673805118
1048,4.462990761,1.186134219,0.886593997,1.053306699,2.034819841,1.156236529,1.658980489
1050,4.550581932,1.20294559,0.897061884,1.066388726,2.075345755,1.159842968,1.660908461
1052,4.624795914,1.222441792,0.904098034,1.093683362,2.097872734,1.165856957,1.656123281
1054,4.734794617,1.253864408,0.889193892,1.136146903,2.130983353,1.182350278,1.649012685
1056,4.802152634,1.268548965,0.885762274,1.190750957,2.171036243,1.200893044,1.630339861
1058,4.861522198,1.285722017,0.868730307,1.231585383,2.200676203,1.205563188,1.605280399
1060,4.913385868,1.283556819,0.861197174,1.287429333,2.218977928,1.201244712,1.588091254
1062,4.994867325,1.291168928,0.860809743,1.348791957,2.255469561,1.232980609,1.553343534
1064,5.049522877,1.282696724,0.843078017,1.400896311,2.276003599,1.243090987,1.519842744
1066,5.069549561,1.265668511,0.836364388,1.461048484,2.281522512,1.260693789,1.502315879
1068,5.162484646,1.266553521,0.827599645,1.522200108,2.293601036,1.290094137,1.489928961
1070,5.188568592,1.274781704,0.840272784,1.576704979,2.308178425,1.308587551,1.484058142
1072,5.18672657,1.292359114,0.851862788,1.612447381,2.325739384,1.335282087,1.450254321
1074,5.218945503,1.310451031,0.869215131,1.654445291,2.345656633,1.363344193,1.418160081
1076,5.261637211,1.316312551,0.91287905,1.702236414,2.367551565,1.395273447,1.389941454
1078,5.317731857,1.321346641,0.93251431,1.749052405,2.375537872,1.424996495,1.345418453
1080,5.299179554,1.313975811,0.947712421,1.782647491,2.359567404,1.44800818,1.302609682
1082,5.312653065,1.323279738,0.949363351,1.812048435,2.367458582,1.493837714,1.247671962
1084,5.356889248,1.335542083,0.945479155,1.844858885,2.374186277,1.54754889,1.192198634
1086,5.371807575,1.318446636,0.943741798,1.862740993,2.362802505,1.589479923,1.142101288
1088,5.402229786,1.311209202,0.935809255,1.883255601,2.352728128,1.642045259,1.093334913
1090,5.426300526,1.297092557,0.944217861,1.914317489,2.347553968,1.740149975,1.061378121
1092,5.448746204,1.292356253,0.943365693,1.936200023,2.339271784,1.795908689,1.029316306
1094,5.452346325,1.274469495,0.938488901,1.948370218,2.338259459,1.782380342,1.006527901
1096,5.45763731,1.264795661,0.943041682,1.939374208,2.33417654,1.758040428,0.9677158
1098,5.46530056,1.252196431,0.943071961,1.91928947,2.327896357,1.708731771,0.931191862
1100,5.438909054,1.218644023,0.955354869,1.891759992,2.313873768,1.663205147,0.909543395
1102,5.430969715,1.232041836,0.951716125,1.850598693,2.298484087,1.611010551,0.893678546
1104,5.353816986,1.245912075,0.954006314,1.797828317,2.266539574,1.550453663,0.859631121
1106,5.306659698,1.273182511,0.961841345,1.754315019,2.244379759,1.515204787,0.833522022
1108,5.279167175,1.300850987,0.959739029,1.700949669,2.225582361,1.535265684,0.822319031
1110,5.22130537,1.339631438,0.957032204,1.648149729,2.198335648,1.577946544,0.812934279
1112,5.165881157,1.389300585,0.948620498,1.592508078,2.166850805,1.612447858,0.794687629
1114,5.105129242,1.431875706,0.949169517,1.5194906,2.145226955,1.630877376,0.800523102
1116,5.061347485,1.487082601,0.940283179,1.454634666,2.118354321,1.640859842,0.81967026
1118,5.009592056,1.536365032,0.934583843,1.395905137,2.083795309,1.626330376,0.845200837
1120,4.977053642,1.577737093,0.947465003,1.346570253,2.071754932,1.601319432,0.876447022
1122,4.938317299,1.626970291,0.937681675,1.302859068,2.048264742,1.579138398,0.92586565
1124,4.899213791,1.669320583,0.939359248,1.26079452,2.018732786,1.552170634,0.998696864
1126,4.877670288,1.710898757,0.920231998,1.225218058,1.989556432,1.517196536,1.090670466
1128,4.854318619,1.758853436,0.9106341,1.187992454,1.966404319,1.482808232,1.209320545
1130,4.820274353,1.806562066,0.907676697,1.151351094,1.946451902,1.44906795,1.34387362
1132,4.736500263,1.846508265,0.901747704,1.103884459,1.933691502,1.409430385,1.477543712
1134,4.633365631,1.896148324,0.895203292,1.05342865,1.903660536,1.365038991,1.623710394
1136,4.56302309,1.958582163,0.883080721,1.011879802,1.8476156,1.319432735,1.795259595
1138,4.525240898,2.063434362,0.891052902,0.979285419,1.824995279,1.306122661,2.015661478
1140,4.505152225,2.211350679,0.904254496,0.957170844,1.805022359,1.303953886,2.261854887
1142,4.497336864,2.415727854,0.921184063,0.922832787,1.784980416,1.289216042,2.52185297
1144,4.47759819,2.685093641,0.928696573,0.878450751,1.745423317,1.269534945,2.86093235
1146,4.497216225,3.046905041,0.940824807,0.862305522,1.719945908,1.243250132,3.302606821
1148,4.545327187,3.444493771,0.956117094,0.83896929,1.728083134,1.243680239,3.808400393
1150,4.594435215,3.73216176,0.937749147,0.795670688,1.729250789,1.249115705,4.226861477
1152,4.628911018,3.920581579,0.935240626,0.758660376,1.727259994,1.250794888,4.472169876
1154,4.681380272,4.041586876,0.954455972,0.73174566,1.74756968,1.255872726,4.584406376
1156,4.697124958,4.089365959,0.973900914,0.709917963,1.762545705,1.24191153,4.570113182
1158,4.646759987,4.101739407,0.989406168,0.681534886,1.753753185,1.218268037,4.47277832
1160,4.666063309,4.076565742,1.022890568,0.66582638,1.757187366,1.210871935,4.389928818
1162,4.682636261,4.022782326,1.067493439,0.655719817,1.7549299,1.200563312,4.275144577
1164,4.687197208,3.921107769,1.086651325,0.662293911,1.724025607,1.174246311,4.119322777
1166,4.710206985,3.819385052,1.129720569,0.668095589,1.697695255,1.140210748,3.93962121
1168,4.778560162,3.751372814,1.166149616,0.685666502,1.679693103,1.125153184,3.767086506
1170,4.854627609,3.686773777,1.2015872,0.697185397,1.677096009,1.104305625,3.583854675
1172,4.900660038,3.623342752,1.255882502,0.709475458,1.678153396,1.075332999,3.374087334
1174,4.870921135,3.550528765,1.302794933,0.715676069,1.624301195,1.032090187,3.088152885
1176,4.821182728,3.460501909,1.333441019,0.708393574,1.575163364,1.002977252,2.794861555
1178,4.721452713,3.367776632,1.359623313,0.706239104,1.525804162,0.953690469,2.470419407
1180,4.700983047,3.325092554,1.412177801,0.718275309,1.504516959,0.936112404,2.226595879
1182,4.638588428,3.275465727,1.457476974,0.70218569,1.451837182,0.912271857,2.039529562
1184,4.634031773,3.319097996,1.510451674,0.694268942,1.433749437,0.88260448,1.941011071
1186,4.592926502,3.383641481,1.564977646,0.693982422,1.424314499,0.842370808,1.903689861
1188,4.547724724,3.464394808,1.609656215,0.683785975,1.405811429,0.821202457,1.90518105
1190,4.553106308,3.585606098,1.672156096,0.667812109,1.399546862,0.797756851,2.00684762
1192,4.554374218,3.681114912,1.736348867,0.625494838,1.374339938,0.756717443,2.116491079
1194,4.571190357,3.829154968,1.776951313,0.588878751,1.387432814,0.721600652,2.269087791
1196,4.547358036,3.966705799,1.783842802,0.564401746,1.372409344,0.696784139,2.396162987
1198,4.670631409,4.249396801,1.859249592,0.560669243,1.422831655,0.710061848,2.608029842
1200,4.72969532,4.57976675,1.919509411,0.534062326,1.450492144,0.709529102,2.82424736
1202,4.768476009,4.855129719,1.951801538,0.481072754,1.481329918,0.726066887,3.042966843
1204,4.868763924,5.044774532,1.980968952,0.432210714,1.471151948,0.677429795,3.230398655
1206,4.877608299,5.16904974,2.005704403,0.412382573,1.49916935,0.665016115,3.376260042
1208,4.85751009,5.272696972,2.007699013,0.405361861,1.512490392,0.670723855,3.545572996
1210,4.892986774,5.314192295,2.036019325,0.404282451,1.520477414,0.604565799,3.707339764
1212,5.48999548,5.186268806,2.00042057,0.405722022,1.548322439,0.60005945,3.506237507
1214,6.162717342,5.042121887,1.960307002,0.407344133,1.579698801,0.59498167,3.279631138
1216,6.926530838,4.878456593,1.914761782,0.409185916,1.615323663,0.589216292,3.022340536
1218,6.972873211,4.891154289,1.947488546,0.399344146,1.670304894,0.567760944,3.102743387
1220,6.821050644,4.733108997,1.941199899,0.365402132,1.617734909,0.597832143,3.008836746
1222,6.800936699,4.632733822,1.969521284,0.356019616,1.572034597,0.595018983,2.996113777
1224,7.010317802,4.68269062,2.017782927,0.386964172,1.647500753,0.524046838,3.13187623
1226,6.998798847,4.578471661,2.068819761,0.390046328,1.732102275,0.538780391,3.17809844
1228,7.202371597,4.610049248,2.172324896,0.39530167,1.75831449,0.54113245,3.274873257
1230,7.240472317,4.585461617,2.179560661,0.407439977,1.740014434,0.550774157,3.309920788
1232,7.082978725,4.42784977,2.102140903,0.403534591,1.651283979,0.55394119,3.265311956
1234,7.329137802,4.460733414,2.169699192,0.424992383,1.691720486,0.524600387,3.361353636
1236,7.51220417,4.518447876,2.238742352,0.433300763,1.697215676,0.548824489,3.367504597
1238,7.460091591,4.399416447,2.2018857,0.415144086,1.657900691,0.549927413,3.321213722
1240,7.583143711,4.453431606,2.242792606,0.467330724,1.744024634,0.620960891,3.389083624
1242,7.777152538,4.399973869,2.310437441,0.505055964,1.827352881,0.652941167,3.3899827
1244,7.544242382,4.103022099,2.225085497,0.520873666,1.727860928,0.672245085,3.224168539
1246,7.234686375,3.907644749,2.171319962,0.547438681,1.721071243,0.719040394,3.072898149
1248,7.305669308,3.83997345,2.217406511,0.590407968,1.774530292,0.756136537,3.043493509
1250,7.185176849,3.721523762,2.216566563,0.631547213,1.813951373,0.850120664,2.969528913
1252,7.168764114,3.635628462,2.206051111,0.646606863,1.808724046,0.960361898,2.922328711
1254,7.166018009,3.53863883,2.198147058,0.691960752,1.785278559,1.064806104,2.836546898
1256,7.037103176,3.359164953,2.187396526,0.732110262,1.762419224,1.113230586,2.672181606
1258,6.944108009,3.177303076,2.176440954,0.770621777,1.772247195,1.136410475,2.472159147
1260,6.84727335,3.035614967,2.170095444,0.790210962,1.79844594,1.182371616,2.189185858
1262,6.645932674,2.870523214,2.136879444,0.78716296,1.805253625,1.222683072,1.885276198
1264,6.464888096,2.741342545,2.115683794,0.784007251,1.798158526,1.26229775,1.656707168
1266,6.243791103,2.61774826,2.092099905,0.767376363,1.778713346,1.289549589,1.476821423
1268,6.121678352,2.551770926,2.106027842,0.764765322,1.808122754,1.316810131,1.393636942
1270,5.966398239,2.512393713,2.119950056,0.757718682,1.824333191,1.319747925,1.325855374
1272,5.796753883,2.432453394,2.097477913,0.761742949,1.817602754,1.323491454,1.270833254
1274,5.615019321,2.341937304,2.058448792,0.762355149,1.80389607,1.342921495,1.236801147
1276,5.528385162,2.315585136,2.062358856,0.764996767,1.800171852,1.371519685,1.218564272
1278,5.431797981,2.273157597,2.051435471,0.760936797,1.797123909,1.396804571,1.192890763
1280,5.274965286,2.228962183,2.028035164,0.746932447,1.798579097,1.407674432,1.163047314
1282,5.152684689,2.179258823,2.016504049,0.735737741,1.791572332,1.411913633,1.152705193
1284,5.051220417,2.136059046,2.011697292,0.739604533,1.786424994,1.419673562,1.136501074
1286,4.965130329,2.137414455,2.011245966,0.73824811,1.788568616,1.418813109,1.134277463
1288,4.890818119,2.099620342,1.991255999,0.731104434,1.783315063,1.415888071,1.148065805
1290,4.804968834,2.048964977,1.96505332,0.73428148,1.780397177,1.431493402,1.133143783
1292,4.750679016,2.013381243,1.957337499,0.736773968,1.775301814,1.443924665,1.129060268
1294,4.701948643,2.003181696,1.955006123,0.744088113,1.776680827,1.456192136,1.141136646
1296,4.639834404,2.00460577,1.953690529,0.750982404,1.773643851,1.459284782,1.134887815
1298,4.561968327,1.944461584,1.923027158,0.754329324,1.764479876,1.456751466,1.131273031
1300,4.550361156,1.905295491,1.927410007,0.767118096,1.779773712,1.470655084,1.145823598
1302,4.517879963,1.868386388,1.930986404,0.770133197,1.78961587,1.479416132,1.144374132
1304,4.421685219,1.81844914,1.921565652,0.773133636,1.78641808,1.476824284,1.13269484
1306,4.373324394,1.819813132,1.932318807,0.785992086,1.792046309,1.481517315,1.12383461
1308,4.329090118,1.809637547,1.9171561,0.79522413,1.784510255,1.494191289,1.117882133
1310,4.28279686,1.790608764,1.912504554,0.783392191,1.780999184,1.492950082,1.101623416
1312,4.208185673,1.822119832,1.905978799,0.753385067,1.755261421,1.455200672,1.071525455
1314,4.134939194,1.781890392,1.887353301,0.75299114,1.742891073,1.478797317,1.069181323
1316,4.082622528,1.794800878,1.885167956,0.74580574,1.735795736,1.466484308,1.045619726
1318,4.021490097,1.841906905,1.870081902,0.72927177,1.725538373,1.444843769,1.027454376
1320,4.003083229,1.784521461,1.879934549,0.744979262,1.727758765,1.470632553,1.040588737
1322,4.006946087,1.721918821,1.894255757,0.764013767,1.751080513,1.499708414,1.067762613
1324,3.972934246,1.671982646,1.902247429,0.770488501,1.758710384,1.518348455,1.086012602
1326,3.928828001,1.665421724,1.91703999,0.768020749,1.75635612,1.522225976,1.08494997
1328,3.894732952,1.672907948,1.91678834,0.761783123,1.768119097,1.521401525,1.094731092
1330,3.853060246,1.675275207,1.920747042,0.750556409,1.773064613,1.519167185,1.101392865
1332,3.772640228,1.647379637,1.913039684,0.750036001,1.768566847,1.498414755,1.103597045
1334,3.74131012,1.644506931,1.910549164,0.737885892,1.764712453,1.484149933,1.099164248
1336,3.726182938,1.767401934,1.91681695,0.702538013,1.764588952,1.455289721,1.074454546
1338,3.63872695,1.97089541,1.904785514,0.65502125,1.729306102,1.37426424,1.032084346
1340,3.580991507,1.885656595,1.914097071,0.672285318,1.730567455,1.376438141,1.052441478
1342,3.558619022,1.700132608,1.934423685,0.702589631,1.748501778,1.430212855,1.093610406
1344,3.529810905,1.629995584,1.942242742,0.707952023,1.756224155,1.454000711,1.117102265
1346,3.509092569,1.629181147,1.962334752,0.703118622,1.758487105,1.454182386,1.13322854
1348,3.46225667,1.66292429,1.950929284,0.674328625,1.744386673,1.435222626,1.127622843
1350,3.437080622,1.62858057,1.962757587,0.659830809,1.735483408,1.431132793,1.130185604
1352,3.41148448,1.610163927,1.970206618,0.654925108,1.73966372,1.420592666,1.147685647
1354,3.405776978,1.653999329,1.983177662,0.638038933,1.753629923,1.416730881,1.172986388
1356,3.402963877,1.650289178,2.002385139,0.63412118,1.775104761,1.420789242,1.201274514
1358,3.40431428,1.652151585,2.014374971,0.626726151,1.781990767,1.425966859,1.231528997
1360,3.41520977,1.829967737,2.01341629,0.600005031,1.768322706,1.386585236,1.207910776
1362,3.414210558,2.006845236,2.011967182,0.595352471,1.757685184,1.337432384,1.19525075
1364,3.463918686,1.791982651,2.066775799,0.636882186,1.82974565,1.404744625,1.312980771
1366,3.525793552,1.715788364,2.128853798,0.621956289,1.885810375,1.425997972,1.408737779
1368,3.592831373,1.76949501,2.161157131,0.604952335,1.919239759,1.418999434,1.446190238
1370,3.631784201,1.70903194,2.188111305,0.600462198,1.947500825,1.432207704,1.485206723
1372,3.662475586,1.91468358,2.165797472,0.584271014,1.937238336,1.4136585,1.454154849
1374,3.684544325,2.074760437,2.159040928,0.564155757,1.934770465,1.385961175,1.452995539
1376,3.716020107,1.920258999,2.182830811,0.565599859,1.990004182,1.397695065,1.535422444
1378,3.75990963,1.866866589,2.219694376,0.565522313,2.050018072,1.422145009,1.592879653
1380,3.744379759,1.798597813,2.257735014,0.540880144,2.087359667,1.4243716,1.626872063
1382,3.71401906,1.771203637,2.267234802,0.52384752,2.106108427,1.415753365,1.649193406
1384,3.715692997,1.844159007,2.260592937,0.496393353,2.117892981,1.395045638,1.632560492
1386,3.690684795,2.1523633,2.21758604,0.505848646,2.097204208,1.346694946,1.564540625
1388,3.693061829,2.127099037,2.180736303,0.52243346,2.10636282,1.354010582,1.572597027
1390,3.677923441,2.075178623,2.153609514,0.5265311,2.115365505,1.374167919,1.570727348
1392,3.646457434,2.173280716,2.118784666,0.537506819,2.096998215,1.342150331,1.546311021
1394,3.568958282,2.466457605,2.087247133,0.537632942,2.034096003,1.221456647,1.463330388
1396,3.499809742,2.515146494,2.04024291,0.542499542,2.006860495,1.19069171,1.444123268
1398,3.435223103,2.588506699,2.008907318,0.52772963,1.960692644,1.156439424,1.406841516
1400,3.409131289,2.368564606,1.992804646,0.53028208,1.952370882,1.22050941,1.448789716
1402,3.393030167,2.314268351,1.975610495,0.537380636,1.943338156,1.245714188,1.483993053
1404,3.368019581,2.448910952,1.98427403,0.51814568,1.912519693,1.214135885,1.458165765
1406,3.348869324,2.365658998,1.967008948,0.522352159,1.923871756,1.232921958,1.467139006
1408,3.34286809,2.346010208,1.952639222,0.523820698,1.927908421,1.226771474,1.461815596
1410,3.297381878,2.412638187,1.940582991,0.506618381,1.909986138,1.211428642,1.430445552
1412,3.226547956,2.429819345,1.911519647,0.506036699,1.890493512,1.207050681,1.429954052
1414,3.191519737,2.55094099,1.902508736,0.492594153,1.870916009,1.184884787,1.418326616
1416,3.134663105,2.804011822,1.890949368,0.481875896,1.827169538,1.117057323,1.360614777
1418,3.100237131,3.012246132,1.87696147,0.481624365,1.796095848,1.033831596,1.315297604
1420,3.125080824,2.891944885,1.869128942,0.506016254,1.84290421,1.084958553,1.347540379
1422,3.068602085,2.867688179,1.852386236,0.502049088,1.806501269,1.055710316,1.341371655
1424,3.076877832,2.868526459,1.876955032,0.507467806,1.822378278,1.09285903,1.371051788
1426,3.066591501,2.837096453,1.865146756,0.513529658,1.833508968,1.124373317,1.409654498
1428,3.060837984,2.972298145,1.894825816,0.513582766,1.822201371,1.077083945,1.38006556
1430,3.150758028,3.084511995,1.924525738,0.532439828,1.862280011,1.084402204,1.414488196
1432,3.238273382,3.115585804,1.943609595,0.532809794,1.89322722,1.09384048,1.462355375
1434,3.266317844,3.217628479,1.972616434,0.529846728,1.901375413,1.085184097,1.456410408
1436,3.298230171,3.341620922,1.9955163,0.521754503,1.909803987,1.005668163,1.466283202
1438,3.422606707,3.244871616,2.058097124,0.543482959,2.00303483,1.062900424,1.556219697
1440,3.477208138,3.19328618,2.069802523,0.556676149,2.034091473,1.091252446,1.598799944
1442,3.531852007,3.219537497,2.097454786,0.579403222,2.052828074,1.097257614,1.652353168
1444,3.570849657,3.298322439,2.129157782,0.592012763,2.056099415,1.087719917,1.665236712
1446,3.532604694,3.429666042,2.12621069,0.583816171,2.011325836,0.993817866,1.652251959
1448,3.481659889,3.501446962,2.130049229,0.586019635,1.989975929,0.93040055,1.634132028
1450,4.016591072,3.333464622,2.106723785,0.587678611,2.026595592,0.974907517,1.501403928
1452,4.584440231,3.15514493,2.081962824,0.58943969,2.06546855,1.022153378,1.360508204
1454,5.188343048,2.965503693,2.05562973,0.591312528,2.106810093,1.072398901,1.210666656
1456,5.317453861,3.059947968,2.089378834,0.55051744,2.072288513,0.892119288,1.1737746
1458,5.268429756,3.056570768,2.055150747,0.534331501,2.024448872,0.807718933,1.156472564
1460,4.976335526,2.917707205,1.972260356,0.5665645,1.97170341,1.000240684,1.134853959
1462,4.841104031,2.839638233,1.938007116,0.583226562,1.928298712,1.01670897,1.11572957
1464,4.918205261,2.861777067,1.976079106,0.575056672,1.932656169,0.934934735,1.116223931
1466,4.864559174,2.861804962,1.979899645,0.584257245,1.90696919,0.964395583,1.107748389
1468,4.779040813,2.830214739,1.961506605,0.593307853,1.88300705,0.996650279,1.107396603
1470,4.683923244,2.796826363,1.917233586,0.567144394,1.871069074,0.931857765,1.056987643
1472,4.715753078,2.799966812,1.911797166,0.533501744,1.854296565,0.809990108,1.02702713
1474,4.520700455,2.752369165,1.878273487,0.502778471,1.780388594,0.816628516,0.97865963
1476,4.33619833,2.694328308,1.843703508,0.505176187,1.727061749,0.8609128,0.950274765
1478,4.296946049,2.708238125,1.883779049,0.5356915,1.756178379,0.948457718,0.955955446
1480,4.356741905,2.754840374,1.93922627,0.550580144,1.792741776,0.967192054,0.972335041
1482,4.437069416,2.807026625,1.989947915,0.575201154,1.829307795,0.987740576,1.004173279
1484,4.581387997,2.897460461,2.05879879,0.58576107,1.894649148,1.004964113,1.057325244
1486,4.769427776,2.995699644,2.139499426,0.580073893,1.952549219,0.938454807,1.086305618
1488,4.971788406,3.016737461,2.194993496,0.570043981,2.018667936,0.843005419,1.132358074
1490,5.388650894,3.135665894,2.305853367,0.570307374,2.147175074,0.797330499,1.206513762
1492,5.949294567,3.383973122,2.515711069,0.650376856,2.370347023,0.954722226,1.328974485
1494,6.230212212,3.504351377,2.647545815,0.672186017,2.482517004,0.984848559,1.411163926
1496,6.60358429,3.60244894,2.775233507,0.656884491,2.540559292,0.898890316,1.545570254
1498,6.899533749,3.613666296,2.832004547,0.652641296,2.617083788,0.87923044,1.628679514
1500,7.319052219,3.680520058,2.95414114,0.696175694,2.786175251,0.955839276,1.754630923
1502,7.639116764,3.771879435,3.065198421,0.724027693,2.961558104,1.016678333,1.941721439
1504,7.751197815,3.788745165,3.095418215,0.700967014,2.953730106,0.974372506,1.973814726
1506,7.966513634,3.660480738,3.00978303,0.621363163,2.804646492,0.766787767,1.981611371
1508,8.885518074,3.819625139,3.270129442,0.5127123,3.125534058,0.730346441,2.28736186
1510,9.186206818,3.939446211,3.373105049,0.577078223,3.290703535,0.840772331,2.394946575
1512,9.615497589,3.952616692,3.455533504,0.65165478,3.470380783,0.908307076,2.603320837
1514,10.02642536,4.058310032,3.604890347,0.678266764,3.568001509,0.965529501,2.826022863
1516,10.23683739,3.988023043,3.588002205,0.643464923,3.598844051,0.930231452,2.884371281
1518,10.45606518,4.019940853,3.628744602,0.648742259,3.627553701,0.932381034,2.98344779
1520,10.56661129,3.969759703,3.666793108,0.575434923,3.650921106,0.834376395,2.89936924
1522,10.92794132,3.923741341,3.68865633,0.589354575,3.692038059,0.816395581,3.006807089
1524,11.08917904,3.99061656,3.753517866,0.617091894,3.751215219,0.89532274,3.203592777
1526,11.02598286,4.007276535,3.768729687,0.667513549,3.786379337,0.947908938,3.346574545
1528,10.98186588,3.817521811,3.657198191,0.770066261,3.860091686,0.95616442,3.434848309
1530,11.15437984,3.787580967,3.66605854,0.805080771,3.965201855,1.04107058,3.560950994
1532,11.24992847,3.865653038,3.743575335,0.776752174,3.954492807,0.985010862,3.5984447
1534,11.45492744,3.873337746,3.760575533,0.800605655,4.017490864,0.980006516,3.733918667
1536,11.20172024,3.679899216,3.671399117,0.815246403,4.008918762,1.046617627,3.750977516
1538,11.25513363,3.742586374,3.729037046,0.784140468,4.003410339,0.990300417,3.701563597
1540,11.35972786,3.972815752,3.808336258,0.644365966,3.947871923,0.828986526,3.67851615
1542,10.35496521,3.765254736,3.502352238,0.671536684,3.686691761,0.758422017,3.391777754
1544,9.985835075,3.532644987,3.306690693,0.736306787,3.645368814,0.843534589,3.311601639
1546,9.516036987,3.041689396,3.039649725,0.787507176,3.618864298,1.150626063,3.342750549
1548,9.008481026,2.982181311,2.943291664,0.779612243,3.476776123,1.180207372,3.154444695
1550,8.452713013,2.931745291,2.837346554,0.772158563,3.32747817,1.190288544,2.895272017
1552,7.933392048,2.8640306,2.711461067,0.752219141,3.194514751,1.158350706,2.687155724
1554,7.49912262,2.971828461,2.63531065,0.728135228,3.049317122,1.080370545,2.439638138
1556,7.07995224,2.983515739,2.52681613,0.692342103,2.928902388,0.996460617,2.241702557
1558,6.955476284,2.996385336,2.42941165,0.614656568,2.79641366,0.802588522,2.016248465
1560,6.480206013,2.729023218,2.254397154,0.667611063,2.606462479,0.95487231,1.894174218
1562,6.062631607,2.433932543,2.150233269,0.685535848,2.545497417,1.095398545,1.885198832
1564,5.757997036,2.410320282,2.109909058,0.67808485,2.44746685,1.094404221,1.759046078
1566,5.464895248,2.27709794,2.036391735,0.65866071,2.364322901,1.125173092,1.666348815
1568,5.303109646,2.34527564,2.02464819,0.621178031,2.283874035,1.052973509,1.56292069
1570,5.124211311,2.298894405,1.977673054,0.595962763,2.196697712,1.076617479,1.472471476
1572,4.933451653,2.160238504,1.909456372,0.592506468,2.153304815,1.142037868,1.436093807
1574,4.725572586,2.197886467,1.879041076,0.571612895,2.069925547,1.090236068,1.362872124
1576,4.580760002,2.301857471,1.871937156,0.562795281,1.986960888,0.99281162,1.279290318
1578,4.621014595,2.146362782,1.865166664,0.5734182,2.018809795,1.080177903,1.290673137
1580,4.577848434,2.018565655,1.851372361,0.560395479,2.031415462,1.151234508,1.310859919
1582,4.532093525,1.971882939,1.851090074,0.558925152,2.022572756,1.184987783,1.319861412
1584,4.520321846,1.961826921,1.877069235,0.559689879,2.021110058,1.202862263,1.326719046
1586,4.508063316,1.957172513,1.891307116,0.552972496,2.029968977,1.206664681,1.340698004
1588,4.498919487,1.992140293,1.908412337,0.542339504,2.030170202,1.216269374,1.336877465
1590,4.50225544,2.020090103,1.917564034,0.538218141,2.020890951,1.216501594,1.329413295
1592,4.554921627,2.043544292,1.951685071,0.541712523,2.044688702,1.229831696,1.347225904
1594,4.597288609,2.115770817,1.999980211,0.525499701,2.07280755,1.235780239,1.35203433
1596,4.639751911,2.064307928,2.019517899,0.504226506,2.089771509,1.251577973,1.411751628
1598,4.725636959,2.03090024,2.068636894,0.486301988,2.108434439,1.279620886,1.449631572
1600,4.768788338,2.083242178,2.107077599,0.4892582,2.13396883,1.282383323,1.459851027
1602,4.802001476,2.154506445,2.138946295,0.48710978,2.147963524,1.269940615,1.470673323
1604,4.937046051,2.139689922,2.201751471,0.463819444,2.208906174,1.302546024,1.534250259
1606,5.066642284,2.244770765,2.24979353,0.468734235,2.261940718,1.296716571,1.57748723
1608,5.23830843,2.357196093,2.314590454,0.487412691,2.314743757,1.293943882,1.639458656
1610,5.501627922,2.272891045,2.409893751,0.460370004,2.396341801,1.349862695,1.795785069
1612,5.819800377,2.223543644,2.532999992,0.425514728,2.492085218,1.397619486,1.936520815
1614,5.942453384,2.374367237,2.565475941,0.445835054,2.526650429,1.362611651,1.96970427
1616,6.225104332,2.681826591,2.647548437,0.494143009,2.591334581,1.231013417,2.022572994
1618,6.816312313,2.576000452,2.888296604,0.447160184,2.78806591,1.348348856,2.322045803
1620,7.122429848,2.518890858,3.01174736,0.404864997,2.893446684,1.43966651,2.510607719
1622,7.490692139,2.836747408,3.118019819,0.46368143,2.966035366,1.371409059,2.573129892
1624,8.341587067,2.693231344,3.501746893,0.33751744,3.18896842,1.450947404,3.022554159
1626,8.797732353,2.733521938,3.697206736,0.33337757,3.300062895,1.451972485,3.257519245
1628,9.743061066,2.633929253,4.06585598,0.389361739,3.565549374,1.530363321,3.71603775
1630,10.65851879,2.373497009,4.302693844,0.580634475,3.875105619,1.617022276,4.219497204
1632,11.26014137,2.462038994,4.466617584,0.741595984,4.063735008,1.612850904,4.45341444
1634,11.47222328,2.834716558,4.564919472,0.878922582,4.085670471,1.475302815,4.45046711
1636,12.68879604,3.410529852,4.943610191,1.1069628,4.398639202,1.350901604,4.913900852
1638,15.01311493,2.767513514,5.297607422,1.497225404,5.344697475,1.519784451,5.752399921
1640,16.70802689,2.19353199,5.581652641,2.368373871,6.529406548,1.585973501,6.473074913
1642,18.09604454,1.922982812,6.001950741,2.23799181,7.419717789,1.56462431,6.99302578
1644,18.46592903,2.194884539,6.325091839,1.27621603,7.022119522,1.47121954,6.988278866
1646,18.6697197,3.107952595,6.652173996,0.900392294,6.153968811,1.258434772,6.686387062
1648,21.00900841,2.752025843,7.255547047,0.859401286,7.094189644,1.32448864,7.561067581
1650,21.48073959,2.532508612,7.515877724,1.092828393,7.235918522,1.386620164,7.901256561
1652,21.48272896,2.760232925,7.574328899,0.941988587,6.904150486,1.292396307,7.800152302
1654,22.44407463,2.496587276,8.128628731,0.524611235,8.580880165,1.295635462,9.041940689
1656,20.675951,2.02366209,7.743620872,1.167725563,11.03316116,1.296315789,11.10753155
1658,18.591362,1.913297057,6.509275913,1.115696192,11.88238811,1.010667443,12.59657001
1660,18.1769371,1.770653725,5.514712334,0.866490006,10.0257473,0.928955555,11.97212982
1662,18.18169785,1.718158245,5.533061504,0.824611545,9.331576347,0.748928726,10.84710884
1664,16.22018051,1.776178002,5.857336998,1.042746782,10.19364071,1.029504776,11.98829556
1666,15.15106964,1.90378952,5.864188671,0.945357025,10.9379921,1.410381913,11.48764229
1668,15.53900528,2.003125429,6.175065041,0.682212412,9.18230629,0.898846865,9.432017326
1670,16.78992271,2.435495853,6.423966408,0.49885112,7.982708454,1.025851488,7.539101601
1672,16.36374474,1.887122869,5.864365101,0.543460131,9.934260368,0.83750093,7.722491264
1674,16.3339386,1.864720345,5.340943336,0.420780629,9.322541237,0.836017549,7.17002058
1676,15.45028114,1.457670331,4.860440254,0.388322473,10.9843483,1.161974669,7.342302799
1678,14.61378002,1.340111375,4.894928932,0.483290672,10.80296421,1.171784282,6.973660946
1680,14.70161438,1.332031846,4.866611481,0.479025394,8.884485245,0.781193316,6.052636147
1682,14.62132359,1.615478158,4.585911751,0.500319123,8.059631348,0.884601474,5.342905045
1684,14.05984974,2.088876963,4.110257626,0.600697994,7.080795288,1.084203601,4.514622688
1686,13.433465,1.796094418,3.931709051,0.596530378,7.175767422,1.086654305,4.27460289
1688,12.80622482,1.793457389,3.769553661,0.512227535,6.824278831,1.136276722,3.980920792
1690,12.41579247,1.342839956,3.678349495,0.47630927,7.194036484,0.998325229,3.825953245
1692,11.72883797,1.184726715,3.579714537,0.477148622,6.927661419,0.99757874,3.558371782
1694,10.97986794,1.435172319,3.43854475,0.399806052,6.12858963,1.077141285,3.159742832
1696,10.04393673,2.077319622,3.150343418,0.30176127,4.958660126,1.220225334,2.454746246
1698,9.228884697,2.293843985,2.920563221,0.266396105,4.324902058,1.268772721,2.119566441
1700,8.296392441,2.202383995,2.707871437,0.263126671,3.857534885,1.279374361,1.824471951
1702,7.576290607,1.99029386,2.642140627,0.292338163,3.562399387,1.416919231,1.646152139
1704,7.234627247,2.096337318,2.529822588,0.31017074,3.312634945,1.340120673,1.432586789
1706,6.714725494,1.98795414,2.472098827,0.329668403,3.058222294,1.321766257,1.274501085
1708,6.230221748,1.784548402,2.444131136,0.350445926,2.875772953,1.432530403,1.188663721
1710,5.883219242,1.686974406,2.417621136,0.339872837,2.697478533,1.468132854,1.077025294
1712,5.586431503,1.764202833,2.369140387,0.287909597,2.53015399,1.343345523,0.937473357
1714,5.260090828,2.022946119,2.328987837,0.206264868,2.335233212,1.144733429,0.804441512
1716,4.883608818,2.155002594,2.248039961,0.147748247,2.138753891,1.011273146,0.714190185
1718,4.644429684,1.994188428,2.192279816,0.155370295,2.07109046,1.06593585,0.687443852
1720,4.561291695,1.746135116,2.163454056,0.174200267,2.035684109,1.165594578,0.709196925
1722,4.392294884,1.744955301,2.121137381,0.18583037,1.946044922,1.151032567,0.674462736
1724,4.215989113,1.67630887,2.045255184,0.193107441,1.846735001,1.132908821,0.654884517
1726,4.025279045,1.619955659,1.953345656,0.211240664,1.724935532,1.108953118,0.633666217
1728,3.808897257,1.647651434,1.866700768,0.228735298,1.583678126,1.03823936,0.602931738
1730,3.553277016,1.668818712,1.774590492,0.239631042,1.428458929,0.956533611,0.571629167
1732,3.401334763,1.664091587,1.703198075,0.238199115,1.321144819,0.846640468,0.542230904
1734,3.231434345,1.658318162,1.590254545,0.231402725,1.204780459,0.752123594,0.520249486
1736,3.006066084,1.568597674,1.487682104,0.229063779,1.111562371,0.761357665,0.503107786
1738,2.861238956,1.49740684,1.426660776,0.222948551,1.03300333,0.704668283,0.488001078
1740,2.727273464,1.418655396,1.356386662,0.211791947,0.980901897,0.67032963,0.472971052
1742,2.583868742,1.364966273,1.295048833,0.205252364,0.927174091,0.615202665,0.445632041
1744,2.375934839,1.281911969,1.221371293,0.199879915,0.850702226,0.559378862,0.401177704
1746,2.167907,1.193166852,1.138067126,0.18401362,0.757437527,0.462081879,0.367714643
1748,1.952842712,1.092759371,1.049574375,0.165142775,0.68770957,0.377667338,0.34704259
1750,1.768341184,0.988689899,0.973924875,0.157618493,0.623851717,0.35067746,0.320948601
1752,1.576834679,0.922226369,0.910304725,0.157682627,0.548946917,0.361948758,0.280589551
1754,1.431005955,0.856787026,0.854202628,0.157244727,0.505229115,0.346096992,0.252300471
1756,1.318830132,0.788737118,0.796961546,0.152455389,0.461313456,0.30402717,0.242773831
1758,1.198216438,0.739879072,0.738097787,0.147911683,0.429090947,0.279096663,0.223701879
1760,1.131007433,0.699961126,0.698241353,0.139482901,0.39028576,0.25084886,0.204547584
1762,1.056668997,0.674026549,0.660007477,0.149404317,0.378525168,0.232518613,0.208422124
1764,0.993730724,0.641439915,0.629491329,0.14254941,0.371148378,0.232777357,0.201782033
1766,0.949040711,0.611442506,0.597934365,0.127876371,0.358411312,0.208901569,0.199088156
1768,0.890460014,0.572722137,0.573509932,0.117561333,0.328963965,0.174381986,0.184402972
1770,0.841693878,0.549768507,0.551840603,0.106564201,0.279981822,0.144221619,0.153635576
1772,0.766125202,0.508190691,0.513399661,0.090388887,0.259708941,0.113386095,0.141839802
1774,0.738494456,0.490222067,0.494836569,0.092202343,0.259637475,0.110876024,0.143127277
1776,0.732432187,0.491274446,0.476446956,0.095857956,0.264949501,0.129774645,0.134411648
1778,0.706084728,0.487323493,0.454589128,0.088314831,0.281975508,0.143310845,0.135159984
1780,0.663574636,0.461212158,0.437018722,0.072485097,0.291617751,0.123598427,0.13110961
1782,0.646487951,0.433627933,0.414336175,0.067408673,0.265661269,0.105742119,0.141509637
1784,0.627459764,0.404954255,0.390677631,0.055889528,0.251569837,0.118812546,0.148701832
1786,0.602637768,0.412926525,0.370044947,0.055601243,0.237005994,0.111625522,0.139256626
1788,0.560628891,0.39990437,0.339960098,0.060149398,0.227078691,0.103416041,0.128768235
1790,0.489305109,0.364457428,0.301565319,0.046764974,0.211751163,0.073969461,0.108954564
1792,0.467259049,0.312260747,0.288110703,0.031755999,0.188511848,0.053460464,0.119077422
1794,0.465195537,0.293042004,0.269503802,0.02799711,0.190842912,0.073268183,0.112935461
1796,0.480002463,0.307762414,0.231243759,0.005777057,0.202655181,0.064708918,0.1012749
1798,0.495665669,0.283853024,0.195154861,-0.004439349,0.158650905,0.016206507,0.145312622
2688,0.579509139,0.285170853,0.166696981,-0.008670204,0.204127952,0.005547176,0.13289167
2690,0.741804481,0.287721843,0.111611187,-0.016859848,0.29215765,-0.015086039,0.108848505
2692,1.189467311,0.29475823,-0.040333193,-0.039449539,0.534972012,-0.071999103,0.042529676
2694,1.349358439,0.298025757,0.025016773,-0.076627955,0.521394789,-0.090390652,0.064014211
2696,1.296441078,0.357545555,0.061322108,-0.079832807,0.284205526,-0.066761941,0.063894369
2698,1.157521963,0.432430357,0.071406841,-0.028651219,0.21920903,-0.024991782,0.117893837
2700,1.231253743,0.463974476,0.11120376,-0.061143022,0.260042638,-0.024657991,0.142103508
2702,1.274546266,0.41302675,0.088768736,-0.053231865,0.276378244,-0.020016734,0.165748939
2704,1.27008009,0.435534477,0.103537083,-0.038019191,0.274809897,0.037317045,0.106592283
2706,1.277132392,0.470566392,0.114681892,-0.032445613,0.374183416,0.047389239,0.094467834
2708,1.281313658,0.437585294,0.112653539,-0.012402121,0.353675932,0.030492503,0.135333911
2710,1.317714214,0.458323181,0.109397881,-0.013009972,0.353691995,0.024381468,0.162478507
2712,1.365069747,0.477380842,0.105153367,-0.029924797,0.373810023,0.032154813,0.175773427
2714,1.39977026,0.432178289,0.122515887,-0.029350501,0.372452438,0.053358238,0.173413604
2716,1.423605919,0.46010682,0.132421032,-0.014599805,0.39823401,0.050159313,0.15465565
2718,1.422136307,0.479724556,0.136605546,-0.006050905,0.385651916,0.055247992,0.169229075
2720,1.462517977,0.491820544,0.152295902,-1.91E-05,0.389265954,0.045145076,0.123220176
2722,1.473696828,0.510507286,0.162829712,0.016346011,0.413400173,0.055053771,0.131760418
2724,1.503056645,0.518061161,0.169408143,0.013412593,0.422769964,0.062316127,0.17178762
2726,1.507773161,0.516626716,0.170951888,0.020804599,0.428940773,0.067462653,0.200205952
2728,1.533337951,0.534016132,0.186305299,0.02076555,0.429298103,0.08138065,0.213351488
2730,1.580293059,0.555478275,0.183198988,0.022348784,0.453042418,0.08679767,0.198423907
2732,1.569644928,0.565627992,0.183848277,0.036697365,0.459540159,0.079632312,0.202344134
2734,1.570102453,0.547226667,0.191457212,0.028492095,0.455484778,0.089597858,0.202893153
2736,1.591579437,0.568757355,0.197327077,0.031238426,0.472192794,0.102222316,0.21155265
2738,1.577532768,0.570181429,0.198793992,0.042162832,0.477197081,0.116522029,0.224641591
2740,1.609340072,0.581628084,0.205022112,0.047486462,0.499251038,0.115101844,0.246018767
2742,1.641760111,0.609173238,0.201724291,0.051871676,0.533329427,0.110485859,0.251829028
2744,1.640115738,0.616740704,0.201671064,0.048554249,0.514129698,0.106121413,0.237960577
2746,1.643246412,0.600939929,0.208531007,0.049233548,0.507362366,0.108779624,0.239425153
2748,1.658424258,0.605900705,0.212968439,0.05068092,0.512938678,0.104898907,0.243853971
2750,1.682636023,0.610056698,0.222165421,0.061333485,0.52064383,0.103015698,0.251778543
2752,1.684000492,0.607667387,0.224576116,0.065383039,0.544350028,0.10630741,0.260413378
2754,1.672769547,0.611109853,0.224086612,0.069571532,0.564261675,0.115517832,0.253829867
2756,1.690129399,0.617115915,0.224221349,0.067267254,0.572990179,0.118798122,0.263695955
2758,1.704841256,0.628543735,0.232041314,0.068205483,0.588370323,0.123478405,0.295012861
2760,1.721366405,0.641620755,0.245855242,0.068851002,0.592053056,0.124255501,0.29104501
2762,1.745776534,0.655040503,0.243747994,0.071705744,0.579722583,0.133786917,0.270872563
2764,1.764816403,0.652858078,0.241209432,0.077240095,0.572515786,0.14640525,0.270140111
2766,1.772375345,0.651965976,0.246643841,0.078896672,0.58539474,0.150275424,0.276179582
2768,1.77338922,0.662774146,0.244516701,0.075660795,0.580617726,0.148718238,0.262092769
2770,1.760715008,0.67014128,0.249626398,0.079821169,0.592648804,0.148506761,0.249041229
2772,1.771654367,0.667090654,0.257430613,0.079730742,0.593720376,0.147462815,0.258862317
2774,1.792529583,0.669109225,0.258681864,0.080946773,0.596768856,0.141201496,0.264575541
2776,1.818223357,0.667276204,0.271597117,0.085762598,0.609086633,0.147132337,0.273302138
2778,1.823333859,0.665478706,0.269204229,0.093451709,0.61728096,0.164030612,0.277242333
2780,1.847520351,0.678218544,0.2667346,0.093424335,0.62091893,0.159393877,0.283481866
2782,1.859735966,0.673966706,0.259005636,0.082494006,0.626344562,0.159720019,0.289730996
2784,1.835006714,0.665838242,0.263974816,0.083473414,0.618323207,0.16216132,0.291226894
2786,1.841791987,0.669564784,0.273811787,0.088587858,0.619010985,0.168234885,0.29896003
2788,1.849588037,0.687031448,0.270131201,0.095882528,0.628345847,0.161436781,0.314393938
2790,1.880347252,0.70332396,0.273893476,0.102129437,0.634451151,0.158732489,0.313573658
2792,1.910146117,0.714836061,0.279398799,0.10704343,0.644789279,0.159631133,0.323328972
2794,1.93667078,0.734013796,0.288339138,0.104161918,0.669566274,0.170763925,0.34248513
2796,1.931174278,0.734670043,0.284557641,0.105696127,0.669928491,0.169849068,0.325870037
2798,1.958636642,0.749025583,0.284555644,0.104118794,0.674622059,0.187136635,0.318500549
2800,1.999248981,0.75731343,0.293353796,0.103794098,0.697114468,0.197506011,0.324413121
2802,2.02154398,0.767398238,0.29832235,0.108223498,0.699905992,0.205017358,0.334772676
2804,2.019207478,0.775604725,0.308335662,0.108994201,0.697845459,0.205979407,0.348124474
2806,2.040226698,0.784672797,0.312488616,0.116593719,0.708354592,0.200030446,0.343005598
2808,2.07643795,0.796824396,0.323081315,0.125446349,0.729019225,0.201975569,0.346561164
2810,2.105265617,0.804419756,0.331272095,0.125483289,0.738612592,0.206069916,0.354629368
2812,2.1465137,0.810326099,0.33127892,0.123907134,0.747266114,0.205563083,0.362526208
2814,2.185782671,0.824267328,0.339789182,0.129539058,0.753689229,0.203421697,0.380381912
2816,2.205913782,0.837185621,0.338983029,0.127822638,0.76720953,0.208623648,0.388560265
2818,2.235168934,0.848404944,0.339693189,0.121814191,0.784808397,0.220175847,0.398049533
2820,2.25377655,0.855528057,0.346713811,0.129994571,0.789933085,0.229771852,0.403468877
2822,2.266626835,0.862478495,0.348764837,0.136963665,0.783800364,0.235115409,0.409722596
2824,2.296163082,0.878217995,0.358624905,0.143177584,0.789998353,0.247716025,0.425468445
2826,2.3214221,0.896399915,0.362820685,0.145307347,0.80631578,0.248887762,0.433265895
2828,2.33450985,0.898213744,0.367814273,0.148210675,0.811810553,0.254963249,0.418833405
2830,2.37321043,0.910306334,0.376532972,0.154175192,0.826472282,0.271590561,0.422286838
2832,2.421875238,0.925356507,0.385864407,0.15830256,0.840958118,0.271732926,0.438457102
2834,2.461447001,0.944033802,0.394167334,0.162386045,0.856428504,0.26894176,0.458662361
2836,2.50925684,0.973789752,0.393739939,0.165759474,0.870895922,0.268485636,0.484701753
2838,2.552095652,0.981321335,0.40483737,0.173156366,0.891103089,0.277032614,0.498207748
2840,2.611855268,0.998411119,0.421504349,0.175842032,0.918449938,0.291674405,0.534241617
2842,2.694297075,1.043518186,0.437444836,0.183047265,0.956991434,0.297029704,0.577115178
2844,2.799931049,1.07504487,0.454517841,0.189570844,1.002679467,0.306348622,0.606664777
2846,2.921003103,1.114437819,0.476706505,0.204081088,1.056325674,0.323489606,0.633806527
2848,3.028924465,1.151853561,0.500116229,0.211327299,1.098442316,0.336904913,0.670071065
2850,3.148460627,1.204171896,0.529300749,0.216801405,1.148730636,0.344323874,0.723247588
2852,3.288257122,1.254447341,0.556191683,0.230694786,1.191761851,0.36823532,0.79176122
2854,3.379967451,1.288435698,0.576900721,0.234270185,1.201429605,0.385613799,0.813823044
2856,3.456524611,1.313078046,0.588624954,0.241495803,1.228822708,0.39392525,0.830445707
2858,3.544456244,1.33984828,0.609028101,0.251390338,1.250471473,0.414320081,0.848904252
2860,3.585591555,1.357106924,0.627019703,0.266762108,1.273192763,0.424374551,0.874647439
2862,3.613553524,1.358949423,0.636246145,0.27147907,1.304921985,0.429513484,0.884816408
2864,3.671035051,1.38445127,0.653745174,0.279230237,1.339537859,0.433016002,0.916172206
2866,3.777404547,1.414403558,0.675245345,0.282428801,1.388162732,0.452515125,0.936371922
2868,3.855944395,1.438170791,0.690756977,0.284578621,1.423296332,0.458568931,0.951884568
2870,3.960059404,1.473922968,0.712886751,0.297504604,1.462633848,0.451210827,0.993252218
2872,4.015799046,1.491588235,0.728419542,0.296019614,1.487152815,0.444439054,1.01928401
2874,4.018857002,1.504524946,0.730090141,0.294991553,1.492596269,0.437018216,1.035203815
2876,4.008330345,1.496052623,0.730777025,0.294161737,1.491583586,0.437490612,1.028613806
2878,3.984718084,1.485688925,0.728723705,0.288232565,1.470138311,0.44513312,1.006749511
2880,3.935900211,1.476284504,0.72700882,0.280644,1.450888157,0.447086006,0.995617867
2882,3.90691638,1.459414005,0.71922797,0.275398493,1.432129264,0.428146541,0.982241631
2884,3.888807774,1.448289156,0.713064194,0.274434447,1.410730362,0.418512911,0.952158272
2886,3.889846802,1.457905769,0.704839528,0.274368465,1.401832223,0.409172237,0.949904859
2888,3.924308062,1.481918573,0.700060308,0.273546875,1.412552238,0.411116004,0.971191883
2890,3.967307091,1.506348491,0.696966588,0.274697155,1.413079619,0.417616159,1.001974344
2892,4.007937431,1.528319359,0.716187239,0.274903476,1.441898942,0.4289563,1.024044394
2894,4.083465099,1.559546709,0.730180323,0.277348459,1.458256721,0.428819478,1.055979729
2896,4.1685009,1.589517474,0.749713063,0.284352064,1.450155139,0.434943318,1.066004992
2898,4.273823261,1.62160182,0.771275163,0.285932362,1.466390252,0.450699687,1.087795496
2900,4.364560604,1.649198413,0.786288679,0.292180985,1.511179328,0.448950738,1.120044231
2902,4.471333504,1.699609756,0.810532391,0.295132041,1.543798923,0.44761923,1.142580748
2904,4.637365341,1.754497766,0.842438281,0.299705088,1.582302332,0.455163598,1.217251182
2906,4.800862312,1.797394037,0.887248576,0.306116879,1.642466068,0.486334622,1.27905345
2908,4.924518585,1.840043783,0.920548081,0.31049943,1.710938454,0.496231526,1.316669941
2910,5.121381283,1.90707469,0.950154781,0.321290135,1.783098221,0.49743849,1.391729116
2912,5.305746078,1.960817456,0.996932983,0.334298491,1.817670584,0.514171481,1.447574973
2914,5.447216511,1.99542141,1.023180246,0.352132648,1.864233136,0.519622862,1.491003036
2916,5.523332119,2.017218113,1.046731591,0.338404417,1.889528751,0.521455944,1.542247653
2918,5.727421284,2.067981243,1.091069937,0.363191038,1.951961398,0.524951994,1.658503532
2920,5.943211079,2.111167908,1.124768734,0.388759017,2.020303011,0.535571516,1.737124681
2922,6.01125288,2.126654148,1.139559507,0.389733851,2.054474831,0.522452772,1.756391406
2924,6.121667385,2.168575764,1.164572597,0.389731228,2.101231813,0.536182046,1.82058394
2926,6.320129871,2.227636814,1.209358931,0.40360558,2.160826683,0.53930974,1.89835453
2928,6.36621666,2.218890667,1.223070741,0.399407864,2.173479795,0.508582294,1.926242709
2930,6.423868179,2.235969782,1.248583674,0.403391302,2.205093384,0.497002691,1.926634073
2932,6.427306175,2.251271009,1.27269876,0.38979432,2.220665455,0.508222938,1.929764152
2934,6.436862469,2.241559267,1.275725007,0.388401717,2.242165565,0.526149452,1.956296086
2936,6.43448782,2.234706163,1.262611032,0.380191803,2.253535748,0.512972414,1.961045384
2938,6.381329536,2.22976017,1.267690539,0.375400573,2.242897749,0.500435174,1.924358249
2940,6.320982456,2.21738553,1.252886176,0.364032567,2.220116377,0.473331869,1.85470283
2942,6.353776932,2.239340782,1.268743396,0.337263852,2.18706584,0.473264426,1.840377569
2944,6.231534958,2.160702944,1.232619405,0.339040577,2.107692242,0.466880381,1.79378581
2946,6.150846004,2.137143612,1.198824167,0.336053342,2.054508448,0.466298014,1.737666011
2948,6.178946018,2.139075994,1.194637775,0.342091888,2.05721879,0.452368498,1.744388819
2950,6.278701305,2.147559881,1.214592218,0.341129631,2.113847017,0.435738087,1.777027726
2952,6.170566082,2.100040674,1.20833075,0.331366688,2.143336535,0.41081807,1.806082368
2954,6.102760315,2.079015732,1.215204835,0.327853441,2.134875059,0.41570425,1.768722534
2956,6.1723032,2.05868721,1.232741594,0.310915649,2.179252386,0.437143147,1.832423925
2958,6.251974106,2.073124409,1.224972486,0.303963542,2.183316231,0.455355167,1.898782134
2960,6.194366455,2.059108257,1.177639484,0.29663229,2.175982952,0.392067552,1.946837544
2962,6.282060623,2.11402607,1.218701601,0.276933312,2.256646156,0.413144886,1.947054625
2964,6.152850151,2.070618868,1.219461679,0.236657724,2.177891254,0.423458338,1.884201169
2966,5.91550684,1.972990513,1.172687888,0.236578196,2.106364965,0.399821639,1.797334552
2968,5.611571789,1.847177148,1.045425296,0.220432311,1.986496329,0.345525563,1.711751342
2970,5.578717709,1.839305282,1.001985908,0.20112586,1.949499607,0.323056877,1.613583446
2972,5.375274658,1.751106143,0.962951839,0.151010588,1.869064689,0.262616396,1.652825356
2974,5.032035351,1.705386639,0.865046322,0.137436479,1.729867816,0.246026799,1.577288628
2976,4.838833809,1.648332119,0.78026098,0.098328181,1.638327479,0.227202624,1.538068891
2978,4.527712822,1.541033268,0.786475003,0.063687682,1.543844819,0.234570399,1.479428768
2980,4.32191515,1.389493227,0.724842846,0.027104456,1.447120428,0.161827534,1.383018851
2982,4.372739792,1.37200737,0.641523063,-0.019889737,1.366941094,0.086128913,1.433760047
2984,4.057631969,1.284319997,0.457577974,-0.102721229,1.334958911,0.111672364,1.274765253
2986,3.70162344,1.146755934,0.328059018,-0.082602911,1.258705378,-0.024119984,1.044948101
2988,3.307435513,1.045349002,0.266468257,-0.178969443,0.998660088,-0.127780944,0.818018436
2990,3.130792141,0.981411874,0.053803425,-0.254317522,0.868677258,-0.252189815,0.788097739
2992,2.739223957,0.592390418,-0.338041216,-0.365560532,1.135531902,-0.168166846,0.826231301
2994,1.814978123,-0.075210631,-0.347390264,-0.507057369,0.455092847,-0.329564631,0.936289012
2996,1.05387342,-0.199783951,-0.405985922,-0.411721975,0.184350103,-0.276018411,0.538731277
2998,0.565005302,-0.257942498,-0.489945859,-0.539738297,0.390011907,-0.26453644,0.050821871
