X value [cm⁻¹],PTFE/OPTIR (mV) [],PTFE1/OPTIR (mV) [],PTFE6/OPTIR (mV) [],PTFE3/OPTIR (mV) [],PTFE5/OPTIR (mV) [],PTFE kinda/OPTIR (mV) []
940,0.033025045,-0.023671141,0.17450203,0.087566338,-0.045571964,0.298056513
942,0.038129024,0.118919984,0.296052068,0.066797942,0.027430464,0.263801515
944,0.112350412,0.0433263,0.420355916,0.188759878,0.050613202,0.245788291
946,0.174091578,0.054717932,0.523380995,0.208206758,0.123721331,0.281265974
948,0.220344096,0.041530285,0.567503393,0.249110207,0.181424975,0.264980525
950,0.299695075,0.066806108,0.506046355,0.315864682,0.179919273,0.239677966
952,0.362473667,0.068550445,0.466128588,0.414341211,0.209506169,0.242471129
954,0.3730461,0.056656193,0.481378347,0.467373431,0.231881455,0.233153939
956,0.402401924,0.067798212,0.535001814,0.427950114,0.260242909,0.254156768
958,0.447882324,0.055709265,0.535002947,0.418266654,0.285923392,0.294947475
960,0.510719538,0.027771557,0.544451237,0.443493098,0.315784156,0.295625031
962,0.547296584,0.053152379,0.556676269,0.465226471,0.326897115,0.282195359
964,0.587367594,0.0767584,0.571512759,0.498766124,0.358890861,0.279784977
966,0.622626185,0.103230149,0.584775031,0.525230646,0.390233904,0.310602039
968,0.619809389,0.135251358,0.602934718,0.51578033,0.390729427,0.303106606
970,0.616943121,0.159118503,0.612303257,0.519515574,0.408919334,0.293319345
972,0.615575254,0.159112781,0.623681068,0.51232487,0.433046937,0.269592613
974,0.654154539,0.1786405,0.633895159,0.498607576,0.444850385,0.279787898
976,0.675679207,0.209889576,0.655504704,0.510032594,0.444827914,0.285513103
978,0.676778316,0.203721225,0.652152181,0.509989262,0.446082592,0.27540493
980,0.681411624,0.217851296,0.659249067,0.510766864,0.465416729,0.2580854
982,0.707455873,0.256633639,0.678040683,0.513860822,0.4788495,0.247664183
984,0.726762295,0.271077365,0.68781358,0.525986552,0.485156745,0.25400576
986,0.740780711,0.277316988,0.676328599,0.541789472,0.486061126,0.264717251
988,0.741349876,0.274936169,0.680570006,0.543373644,0.501646817,0.25025785
990,0.755006552,0.312025636,0.687565804,0.557287991,0.515038431,0.266793072
992,0.782237768,0.367094636,0.682113111,0.567160904,0.536985993,0.257791162
994,0.81129843,0.390500933,0.684101582,0.569229364,0.539125621,0.221311912
996,0.831127107,0.414458245,0.675083399,0.57105583,0.548728824,0.222245887
998,0.864944339,0.441071838,0.671178997,0.577722371,0.572952569,0.228735104
1000,0.897824049,0.455128491,0.666926563,0.591103196,0.586862683,0.220954791
1002,0.915502787,0.476933718,0.676929116,0.610811889,0.602091253,0.228195518
1004,0.941259384,0.525499761,0.675263703,0.599729896,0.618575454,0.237678289
1006,0.977492452,0.558182299,0.672767103,0.585013092,0.628219008,0.251790285
1008,1.016061306,0.588762581,0.689159691,0.598424792,0.637602806,0.264640421
1010,1.062974691,0.611036777,0.704765201,0.608839393,0.668317318,0.280506313
1012,1.105606675,0.63138628,0.72430104,0.608154714,0.687954068,0.302675068
1014,1.162334919,0.627788424,0.726881921,0.608766198,0.701299727,0.325449675
1016,1.213729143,0.651482582,0.72596401,0.637546062,0.722173512,0.343933403
1018,1.263433337,0.695689261,0.722306848,0.644398689,0.741891205,0.361726344
1020,1.313006282,0.722455919,0.71211803,0.651469767,0.763677657,0.387381673
1022,1.352557659,0.751304448,0.711789966,0.670493841,0.781466365,0.402158886
1024,1.388059139,0.798032582,0.689807773,0.662642062,0.793634474,0.417801082
1026,1.436998844,0.829793096,0.671182871,0.664158225,0.812670767,0.442847073
1028,1.487998366,0.841938555,0.669656813,0.674269378,0.831584573,0.465907961
1030,1.54316175,0.868784368,0.663122177,0.675141633,0.862196565,0.488888919
1032,1.580661535,0.89828831,0.652644813,0.664791763,0.877256989,0.512737036
1034,1.611931086,0.915715039,0.638440549,0.65907526,0.888837218,0.52998364
1036,1.650260091,0.94452399,0.619196594,0.642336905,0.904298306,0.547060609
1038,1.676188827,0.97808224,0.601767123,0.634612024,0.917373776,0.560206652
1040,1.704253674,0.992851436,0.57284826,0.626355052,0.927875757,0.57522893
1042,1.744154096,1.006885052,0.554303229,0.616193891,0.946222782,0.587871909
1044,1.778525829,1.038958549,0.541452467,0.619313359,0.963786542,0.593977571
1046,1.791217566,1.072214484,0.526707947,0.608875394,0.965988457,0.603332639
1048,1.797448516,1.097369432,0.506357372,0.630559146,0.974708378,0.610921919
1050,1.810776949,1.123552561,0.484031558,0.629718184,0.98556304,0.627357364
1052,1.81647861,1.12287724,0.459153771,0.610186934,0.989716709,0.638989985
1054,1.836730242,1.121543646,0.426145554,0.603905082,1.005072832,0.647498906
1056,1.839177132,1.142323852,0.418639988,0.593436778,1.01120615,0.660234809
1058,1.830090642,1.159395814,0.415702581,0.587594748,1.019788623,0.665237427
1060,1.827422738,1.188405156,0.414704353,0.599030852,1.033658504,0.678033531
1062,1.815134525,1.199667335,0.432928652,0.588015616,1.047992229,0.689235747
1064,1.801287651,1.204273939,0.443124235,0.554095387,1.050458193,0.702169716
1066,1.785480738,1.219293475,0.45884195,0.556258917,1.04459095,0.715072215
1068,1.77350378,1.21983695,0.477071106,0.562284946,1.051139593,0.721476793
1070,1.764055133,1.229600668,0.493000776,0.564438462,1.060326815,0.726366282
1072,1.74612391,1.234137654,0.497457087,0.547229588,1.052820325,0.733501613
1074,1.721694589,1.251248717,0.506403029,0.533526063,1.047555566,0.734295964
1076,1.715872526,1.253644347,0.521083653,0.548289835,1.049445868,0.737484872
1078,1.703095317,1.245022416,0.534800172,0.559169352,1.046999335,0.744158685
1080,1.68054986,1.228850007,0.546552718,0.540498257,1.036080956,0.744480073
1082,1.653099418,1.205260754,0.54706496,0.524351358,1.027191162,0.744525552
1084,1.630181074,1.188998222,0.563442945,0.522140503,1.023705721,0.750387251
1086,1.606124043,1.147904396,0.562633991,0.504240751,1.006775737,0.741642356
1088,1.586181402,1.118301034,0.553249538,0.491057873,0.986274779,0.742007196
1090,1.592893839,1.103885055,0.550639629,0.500034988,0.981179595,0.747876406
1092,1.585448742,1.081471562,0.554542661,0.503106773,0.971289694,0.758387268
1094,1.575973749,1.070805669,0.552017033,0.504621267,0.960424721,0.764559388
1096,1.57623446,1.058565021,0.539078474,0.492011636,0.952331901,0.762838721
1098,1.585477114,1.04099369,0.530109107,0.48144722,0.949260473,0.764054298
1100,1.599664211,1.015558004,0.529772997,0.481062204,0.938189924,0.758926451
1102,1.598243356,0.994399011,0.520914733,0.480731457,0.928829491,0.75376451
1104,1.589378715,0.989638031,0.504934192,0.481047332,0.919989824,0.736787021
1106,1.560303807,0.987953782,0.483000755,0.47875911,0.919116437,0.72661531
1108,1.534148335,0.979682982,0.474294066,0.471595198,0.913860857,0.726726234
1110,1.515619874,0.987628877,0.463009536,0.468449533,0.915871084,0.726139724
1112,1.497916818,0.992112398,0.447493911,0.473074019,0.912768304,0.713123143
1114,1.495562434,1.015471101,0.436805606,0.482922614,0.915594041,0.698290944
1116,1.502286434,1.033325672,0.427505404,0.475649625,0.923172295,0.692485332
1118,1.495533586,1.051607251,0.418286651,0.470076263,0.923942208,0.685416043
1120,1.495830655,1.094781041,0.396088243,0.484704554,0.928205907,0.681102991
1122,1.488683462,1.125231981,0.372615635,0.496870726,0.93279779,0.678291738
1124,1.500882983,1.162990093,0.368370712,0.518940091,0.946281552,0.674444675
1126,1.519680977,1.207931042,0.363109231,0.533392966,0.963503718,0.662636936
1128,1.569572926,1.288827181,0.354972392,0.562293053,0.992105007,0.64332062
1130,1.679083824,1.380629182,0.36242789,0.611481667,1.034045458,0.631050169
1132,1.815746546,1.481705785,0.385764986,0.672531426,1.086938858,0.620526433
1134,2.014364243,1.635837793,0.4042584,0.748649359,1.170637965,0.585214019
1136,2.262971163,1.824548721,0.436450481,0.85520637,1.284258366,0.555326462
1138,2.642050505,2.083314896,0.529228389,1.00023365,1.45418787,0.576265275
1140,3.154548407,2.444310427,0.696364462,1.220818281,1.708575249,0.709059894
1142,3.793757915,2.877206564,0.943519533,1.633016348,2.068568468,0.967131019
1144,4.515865326,3.288967371,1.288448334,2.228579998,2.558495045,1.326584101
1146,5.262171268,3.875778198,1.689234853,3.073495388,3.152452707,1.804279804
1148,6.016836166,4.271216869,2.004740715,4.011012077,3.762381554,2.351291895
1150,6.630140305,4.355180264,2.153236151,4.598218441,4.245084286,2.903761625
1152,7.047532082,4.256563663,2.222391367,4.739332676,4.550291061,3.36422205
1154,7.3387146,4.395389557,2.203063488,4.579851151,4.714237213,3.670204163
1156,7.463763237,4.446368217,2.156163454,4.25776577,4.734094143,3.771808386
1158,7.469575405,4.45981884,2.009481907,3.816991806,4.667638779,3.682094336
1160,7.501887321,4.636535645,1.913692832,3.381229877,4.654463291,3.558501959
1162,7.527858734,4.871234417,1.810103774,3.022303343,4.617505074,3.415024757
1164,7.489285469,5.209204197,1.673974395,2.618400812,4.527701855,3.191017866
1166,7.399441242,5.418582439,1.58904624,2.193511009,4.414619923,2.938006878
1168,7.290207863,5.580267429,1.527112246,1.841489196,4.293473244,2.691684961
1170,7.149099827,6.100848675,1.496491671,1.526297092,4.151757717,2.457280636
1172,6.969166279,6.609736919,1.489547968,1.219947815,3.983191252,2.225178957
1174,6.630628586,6.853765965,1.548735738,0.903936684,3.729976654,1.95732379
1176,6.256082535,6.824459553,1.666080594,0.728957891,3.420353174,1.740745783
1178,5.816035748,6.691930294,1.681478024,0.614317238,3.099667072,1.534767747
1180,5.450629711,6.562428951,1.675623894,0.519040525,2.843136311,1.389258265
1182,5.088472366,6.307703018,1.603141308,0.461326003,2.639190197,1.272505522
1184,4.890228271,6.156980515,1.546201348,0.460172445,2.565202951,1.230203867
1186,4.79211235,6.091060638,1.476908803,0.433611482,2.54714179,1.186111569
1188,4.791137218,6.167374611,1.444401026,0.435637116,2.615332365,1.169893265
1190,4.937721252,6.448263168,1.451569796,0.447436601,2.741883516,1.198219299
1192,5.129106045,6.792374611,1.461924791,0.463686168,2.886509895,1.222056985
1194,5.339230061,7.291106224,1.494734287,0.474098355,3.104933739,1.225330234
1196,5.56676054,7.873278618,1.519243717,0.50052309,3.320459843,1.291571379
1198,6.037374973,8.754845619,1.633738875,0.571670294,3.676749706,1.412110448
1200,6.495415211,9.606155396,1.740701199,0.613230884,4.037173748,1.532219529
1202,6.827160358,10.2877779,1.738850236,0.677578628,4.328639507,1.62020874
1204,7.025519371,10.69127178,1.633615732,0.730832458,4.547580719,1.704112411
1206,7.186656952,10.90483952,1.463284969,0.680578232,4.662322998,1.750028849
1208,7.304652691,11.06116486,1.264554381,0.610264838,4.737902164,1.7553581
1210,7.459486961,11.23594379,1.108681083,0.572554171,4.776107788,1.722741842
1212,7.344121933,10.41608047,1.353547573,0.686002254,4.887700081,1.688392758
1214,7.214126587,9.492240906,1.629468322,0.813838005,5.013444424,1.649687648
1216,7.06652832,8.443307877,1.942750692,0.958983541,5.156216145,1.605741501
1218,7.109222412,8.635938644,1.895575523,1.003378153,5.145271301,1.525567412
1220,6.888157845,8.446528435,1.803042054,0.961365223,4.960216045,1.450433612
1222,6.814540386,8.418208122,1.8027004,1.001797199,4.790837288,1.338771224
1224,6.976952076,8.67193985,1.925551057,0.983657658,4.860877991,1.272137046
1226,6.968651295,8.759384155,1.933763385,0.897999883,4.816687584,1.22552228
1228,7.051437378,8.842935562,1.947727919,0.918543696,4.840648651,1.176897049
1230,6.935898781,8.702009201,1.94193697,0.844374001,4.77545929,1.106767774
1232,6.695341587,8.482030869,1.896290302,0.851135135,4.646505356,0.999863207
1234,6.869552135,8.581390381,1.864066958,0.944669008,4.717065334,0.967695296
1236,6.988548756,8.738147736,1.813069701,0.980706453,4.746243,0.943827212
1238,6.902896404,8.621781349,1.610592127,0.947910607,4.643440247,0.841157496
1240,7.018481255,8.694039345,1.461922765,0.924237847,4.702110767,0.869134068
1242,7.018398762,8.576904297,1.305681944,0.913002133,4.666613102,0.868634105
1244,6.68052721,8.004401207,1.116237044,0.830269694,4.378076553,0.759814441
1246,6.377184868,7.639573574,0.904901862,0.742642403,4.186326981,0.681218743
1248,6.342196941,7.420570374,0.751878321,0.64971745,4.138624668,0.668892384
1250,6.220090866,6.94822073,0.636400223,0.585319638,4.021231174,0.644643426
1252,6.091651917,6.642094135,0.580782831,0.521850646,3.896337986,0.604157686
1254,5.936581135,6.203273773,0.558020175,0.445495069,3.770697117,0.582729936
1256,5.625362396,5.706101418,0.525704741,0.404737204,3.53795886,0.546062589
1258,5.280675411,5.146430492,0.462577432,0.32995066,3.267253637,0.56883806
1260,4.884027004,4.523798943,0.401604474,0.311337799,2.941902399,0.582393706
1262,4.322509766,3.786950111,0.338543952,0.251319975,2.576605082,0.597884893
1264,3.763645649,3.138483763,0.261987448,0.172287703,2.254816294,0.638340414
1266,3.265651941,2.619297266,0.192861453,0.118839353,1.949709058,0.645125747
1268,2.92106843,2.263351917,0.138567254,0.082266122,1.735712767,0.679478049
1270,2.635220766,1.977588534,0.105979018,0.084540151,1.57492137,0.702756286
1272,2.386272907,1.748094916,0.08105173,0.090489909,1.423029065,0.712436259
1274,2.186949015,1.573045254,0.059023932,0.088448957,1.30371809,0.710008025
1276,2.051690102,1.462975979,0.04769117,0.077068985,1.222818613,0.705780149
1278,1.950274467,1.361758709,0.043825082,0.065053247,1.163281441,0.714290202
1280,1.860250592,1.284472108,0.036669329,0.069222629,1.110684991,0.708225131
1282,1.81648767,1.224126577,0.032194268,0.070265152,1.071204066,0.713340342
1284,1.794081926,1.188846827,0.047397308,0.073706545,1.040954828,0.722749233
1286,1.764137745,1.16126287,0.04140766,0.064854003,1.0186131,0.721472859
1288,1.759661198,1.124746561,0.031067649,0.09248098,0.99212718,0.731001079
1290,1.742161274,1.099210739,0.028064929,0.089520939,0.957827866,0.728553593
1292,1.706152678,1.072372437,0.036230713,0.071107052,0.934531093,0.734261811
1294,1.67360878,1.034184217,0.041124195,0.07386411,0.924980283,0.735126376
1296,1.635138631,1.007221103,0.040575653,0.084854253,0.916413367,0.735521317
1298,1.601661205,0.964132845,0.034566373,0.07624235,0.885094404,0.731476009
1300,1.573747039,0.91570425,0.041063346,0.069963388,0.865418851,0.717545509
1302,1.523809791,0.861714363,0.052902915,0.075789362,0.846487284,0.737860739
1304,1.459390283,0.801076651,0.056667961,0.073293656,0.805789411,0.748464048
1306,1.404734254,0.753641963,0.073766418,0.062040556,0.774713397,0.754685283
1308,1.350008726,0.709195614,0.095625542,0.050959516,0.742438495,0.747953653
1310,1.303755879,0.660370052,0.1084553,0.056558691,0.708507478,0.738942206
1312,1.260236382,0.616193831,0.110401265,0.06134931,0.679919243,0.737952232
1314,1.222424626,0.582904994,0.117949702,0.068756372,0.660372734,0.726780236
1316,1.186469197,0.560542285,0.126452938,0.055784591,0.645187259,0.735283256
1318,1.156439066,0.536276817,0.123515435,0.054128084,0.631637871,0.738966286
1320,1.131611824,0.514542639,0.131237268,0.054978304,0.624487638,0.729909778
1322,1.126673579,0.497321486,0.132641792,0.06060835,0.617511988,0.727886438
1324,1.116360426,0.48504588,0.126189649,0.058558382,0.609668851,0.724826694
1326,1.108909249,0.480966121,0.126603618,0.053609796,0.604693353,0.730022252
1328,1.110260367,0.464281261,0.125472099,0.060236305,0.600797653,0.733608007
1330,1.100282311,0.465077251,0.123675965,0.060565483,0.596881926,0.737860382
1332,1.085468411,0.467083722,0.120294079,0.059710518,0.590002,0.735448837
1334,1.062477112,0.468586832,0.11486619,0.060712457,0.595443189,0.723819017
1336,1.044701457,0.466899157,0.111854747,0.052814607,0.598427951,0.734656334
1338,1.026551485,0.477917939,0.105799489,0.047011703,0.591669559,0.751392126
1340,1.023789167,0.468159944,0.103274815,0.039588369,0.581685245,0.739598095
1342,1.018061638,0.457965314,0.10198877,0.041091684,0.581762254,0.732166111
1344,1.000787497,0.461189419,0.100941427,0.046751514,0.571795046,0.722345412
1346,1.005378723,0.458051354,0.099575356,0.053264756,0.567591846,0.722077191
1348,0.998093247,0.44626072,0.095284939,0.039143033,0.562517703,0.725198865
1350,0.996175826,0.445109665,0.081496842,0.034705736,0.562391102,0.725053012
1352,0.996053457,0.445998877,0.076426603,0.044304747,0.562477946,0.730566382
1354,1.005105495,0.455517411,0.073272914,0.051056363,0.563506365,0.738543987
1356,1.023748875,0.46687609,0.071606308,0.061131001,0.567429781,0.7462973
1358,1.032486439,0.472031862,0.064028829,0.056537751,0.5732072,0.759549618
1360,1.042334318,0.479268044,0.054577056,0.049578361,0.581066906,0.782659531
1362,1.059886932,0.499379605,0.05250572,0.046564084,0.594244957,0.803301573
1364,1.075335622,0.506314337,0.056554828,0.055489708,0.607848942,0.805570304
1366,1.099094033,0.516383648,0.052674834,0.058255345,0.620672524,0.816162467
1368,1.118772984,0.532183528,0.044989858,0.052171793,0.633957744,0.832108676
1370,1.134924531,0.540922284,0.042427968,0.055616926,0.637478113,0.826338351
1372,1.122422576,0.546303868,0.046272293,0.042442568,0.640650511,0.836480856
1374,1.131380081,0.560786486,0.036003835,0.04516298,0.6487782,0.849803686
1376,1.148409009,0.56408155,0.030470368,0.060421549,0.660751522,0.849373102
1378,1.172328472,0.576556206,0.035578959,0.053278551,0.67552197,0.853726983
1380,1.187902808,0.580991566,0.041771609,0.048557475,0.680994332,0.857184649
1382,1.198683739,0.581750929,0.04522809,0.063009411,0.68445456,0.852051854
1384,1.202431917,0.590794683,0.045224879,0.068061642,0.684528291,0.872686267
1386,1.2006464,0.594927549,0.031577259,0.060079511,0.675706446,0.916864693
1388,1.17410171,0.588394344,0.039226819,0.05639584,0.66949451,0.91778183
1390,1.16109705,0.574002326,0.044613384,0.061750431,0.668914855,0.909156322
1392,1.164416313,0.571016669,0.037518695,0.062699154,0.671831667,0.908341169
1394,1.168307662,0.586880922,0.034964558,0.053666748,0.672047079,0.920949221
1396,1.165316582,0.601768792,0.042692401,0.044480711,0.660787404,0.915257335
1398,1.156212687,0.60308069,0.041784111,0.039624918,0.648607075,0.900557041
1400,1.145812869,0.605414927,0.049155369,0.050320216,0.645639181,0.880957365
1402,1.125854015,0.62025094,0.061060369,0.048748191,0.646282911,0.883156419
1404,1.111290097,0.625983596,0.070453167,0.042296454,0.65142113,0.885177016
1406,1.102504849,0.628004611,0.080601305,0.051205557,0.651248455,0.875493228
1408,1.090357065,0.630100548,0.083158657,0.054229524,0.645777941,0.869262576
1410,1.083174229,0.64212811,0.08291474,0.044843558,0.64148432,0.863633811
1412,1.088900566,0.65751493,0.091270134,0.052766468,0.63584435,0.869589269
1414,1.104663253,0.668842375,0.088488325,0.061444104,0.634284079,0.881960154
1416,1.121618509,0.689026356,0.080163203,0.060293585,0.636590362,0.88346386
1418,1.129699111,0.705062687,0.071379237,0.034302112,0.634231389,0.880370438
1420,1.117944717,0.699561834,0.0827986,0.035674386,0.630833864,0.902399719
1422,1.09000957,0.679212451,0.078465998,0.023600027,0.618955374,0.914429426
1424,1.102233052,0.685586214,0.080432281,0.0362713,0.626532435,0.927624166
1426,1.107985973,0.682759047,0.094121091,0.044332691,0.625747144,0.946246445
1428,1.122826576,0.69471401,0.100105487,0.023704885,0.620474815,0.957634985
1430,1.136669159,0.711920857,0.098679885,0.040508341,0.637511015,0.974854708
1432,1.13206768,0.704075038,0.09401007,0.046837859,0.658268034,0.996604919
1434,1.133419752,0.689673543,0.088360503,0.051126763,0.663975298,1.014767766
1436,1.169365168,0.704158127,0.08632113,0.042392556,0.665757358,1.027132511
1438,1.196136832,0.747249782,0.105653919,0.040537987,0.691258907,1.077809453
1440,1.174427748,0.753064811,0.111087829,0.042869482,0.698455572,1.07446754
1442,1.177602768,0.751400948,0.109668739,0.047188617,0.704146564,1.093414783
1444,1.199066043,0.751401305,0.1137954,0.049218263,0.711409807,1.091881752
1446,1.200708985,0.753238261,0.123481564,0.041042622,0.716451824,1.098023176
1448,1.225840688,0.756571174,0.138122559,0.059434086,0.710512161,1.114287138
1450,1.227183938,0.673677981,0.143925622,0.063964412,0.721422255,0.935299158
1452,1.228609681,0.585683823,0.150085807,0.068773523,0.733003736,0.745296836
1454,1.230126023,0.492102772,0.156637087,0.073887974,0.745320499,0.54323107
1456,1.25156033,0.409156859,0.148599222,0.092604101,0.732009351,0.545637369
1458,1.232427955,0.38752985,0.121123843,0.082865261,0.731363654,0.537232578
1460,1.195786715,0.435400069,0.133804679,0.058824778,0.737911046,0.52923733
1462,1.184152365,0.43393445,0.139223203,0.055451535,0.72687912,0.516012132
1464,1.179320216,0.443978876,0.122260712,0.066155255,0.733422935,0.53098321
1466,1.195429087,0.45338425,0.138677135,0.092590272,0.757402241,0.512262344
1468,1.191619635,0.448259264,0.137633786,0.088770948,0.748880923,0.513898969
1470,1.15154767,0.42375806,0.121834688,0.075168461,0.718902111,0.494272172
1472,1.089104891,0.376366228,0.097084045,0.044480599,0.679785073,0.497160763
1474,1.000684261,0.382000804,0.098761693,0.055879388,0.607824683,0.499789119
1476,0.947100341,0.364780962,0.119198523,0.028440868,0.556912065,0.476016462
1478,0.931349874,0.344540238,0.138374493,0.037314218,0.553900063,0.482829064
1480,0.949308634,0.328713298,0.145381719,0.05090072,0.564007223,0.48537305
1482,0.955330908,0.321863919,0.14656128,0.071451895,0.557683289,0.487798929
1484,0.943415701,0.305777013,0.162141442,0.072581455,0.568785548,0.510530531
1486,0.937682331,0.310727209,0.170730278,0.052168541,0.578360677,0.526094437
1488,0.94462961,0.311697543,0.159784868,0.036336586,0.582332492,0.506395161
1490,1.044503093,0.324182659,0.192362711,0.060330551,0.615467012,0.535813093
1492,1.145617723,0.344167769,0.231069669,0.087842882,0.677326739,0.646095097
1494,1.21398437,0.347484201,0.232278705,0.068810396,0.712045193,0.673178971
1496,1.267452478,0.318148643,0.223665431,0.089801773,0.74716872,0.663250685
1498,1.295030236,0.328497648,0.240757585,0.102259777,0.751781464,0.685379386
1500,1.34195888,0.401322067,0.25156188,0.096820556,0.785193384,0.765345216
1502,1.381272435,0.454773843,0.268160284,0.084853709,0.818221331,0.833830535
1504,1.365627289,0.443308771,0.264370739,0.067545362,0.801426947,0.822887659
1506,1.268895984,0.268271923,0.184800774,0.026661614,0.715617716,0.690919459
1508,1.473048806,0.336708695,0.202773303,0.110433683,0.786463261,0.829713464
1510,1.622672439,0.459599465,0.262155831,0.085430786,0.916007221,0.916937709
1512,1.713315845,0.531417668,0.303398699,0.120927379,0.96767354,0.937056899
1514,1.784303665,0.593564868,0.322551697,0.188742325,0.995239317,0.992134988
1516,1.8034091,0.548143744,0.309474587,0.188538134,0.975941837,1.015205383
1518,1.868935943,0.570989132,0.312290847,0.142773047,1.058569431,1.069859028
1520,1.88910687,0.492029428,0.266655296,0.148974419,1.044328213,1.062537432
1522,1.923463702,0.618084192,0.352412939,0.135280862,1.075542092,1.075340033
1524,2.008956194,0.719002724,0.322566956,0.182606861,1.097626328,1.145897627
1526,1.999405384,0.721454918,0.321626574,0.205892399,1.10037446,1.178424001
1528,1.961158872,0.762956023,0.337276638,0.232650727,1.102556348,1.15078938
1530,1.9802109,0.795191288,0.348593324,0.236023009,1.129569173,1.154710293
1532,2.022698641,0.76734364,0.314012825,0.264964819,1.122590423,1.150055051
1534,2.070598125,0.794051528,0.312271088,0.246074706,1.172108889,1.200324416
1536,2.039076805,0.774046361,0.328770608,0.204406098,1.179950953,1.225828409
1538,2.0234797,0.69785285,0.314985752,0.215546191,1.144444942,1.226765275
1540,2.06659627,0.723843038,0.299395412,0.282234132,1.133307219,1.207665086
1542,2.030141354,0.8017416,0.286704361,0.275515199,1.124246955,1.160558462
1544,1.996686101,0.799412787,0.267453462,0.220784277,1.137930989,1.115997672
1546,1.888295293,0.731465757,0.300505966,0.165878803,1.128543496,1.089306951
1548,1.832628608,0.719765067,0.279751688,0.167685091,1.094548225,1.030499816
1550,1.765398741,0.694525421,0.253182113,0.141922861,1.057373881,0.98681736
1552,1.689098835,0.666747332,0.23343119,0.120250113,1.020074129,0.923395097
1554,1.655439734,0.663013041,0.207180068,0.117468089,1.003714561,0.86396879
1556,1.587655783,0.624415159,0.169418469,0.102075547,0.953900754,0.824055076
1558,1.538788676,0.555973649,0.100817956,0.074688129,0.865239382,0.777513385
1560,1.432524681,0.539440334,0.170678571,0.077997833,0.833050072,0.715425014
1562,1.349500418,0.51601404,0.177933007,0.071233734,0.81096065,0.695624352
1564,1.289845467,0.517434537,0.178045303,0.087456591,0.783877194,0.663597167
1566,1.234826326,0.476767063,0.171736851,0.081027701,0.758052289,0.646327555
1568,1.20782721,0.461036831,0.161302537,0.087083735,0.742119491,0.627025604
1570,1.157966018,0.441818267,0.158003896,0.076215453,0.72901094,0.606515765
1572,1.09511447,0.430741191,0.149751782,0.070202917,0.701152861,0.589704216
1574,1.05790925,0.415761381,0.140992269,0.071691833,0.677550972,0.579359233
1576,1.048787713,0.408965468,0.128311649,0.060429912,0.652106643,0.564314008
1578,1.033821464,0.39268896,0.130767122,0.050184086,0.646227479,0.556805134
1580,1.015583634,0.411600351,0.120128222,0.052263897,0.640095115,0.561224282
1582,0.997597754,0.410002321,0.117704593,0.050906543,0.632592261,0.554560542
1584,0.988837361,0.40384382,0.105428882,0.048477564,0.625748575,0.55462563
1586,0.982783377,0.406095058,0.095732398,0.046159867,0.620748043,0.553905547
1588,0.980585694,0.414632767,0.088540241,0.0354672,0.618631184,0.562187254
1590,0.985820055,0.4159168,0.090222254,0.034853738,0.618383706,0.566866696
1592,0.993199885,0.419449955,0.086143129,0.043741908,0.621725202,0.570253789
1594,1.003605485,0.438043892,0.087301075,0.058647975,0.625330269,0.586702406
1596,1.001871228,0.433588266,0.092353888,0.047021978,0.627782285,0.591133535
1598,1.001796961,0.431569546,0.086560354,0.045627013,0.633627415,0.593407273
1600,1.014731765,0.446084112,0.076649562,0.031323649,0.642472386,0.603180349
1602,1.029918671,0.461002409,0.071224481,0.02395138,0.651136041,0.61105746
1604,1.060370922,0.461591512,0.082033806,0.033156652,0.659643769,0.626426756
1606,1.08507967,0.472820193,0.087007038,0.04384556,0.668164372,0.648973048
1608,1.118763328,0.509934366,0.090656474,0.050534222,0.685868859,0.677800059
1610,1.155827045,0.527615488,0.09453392,0.063684821,0.713536143,0.695777476
1612,1.200663209,0.540371895,0.102120392,0.068861187,0.746013522,0.726861894
1614,1.229036331,0.575979829,0.097540595,0.06527286,0.762051642,0.756562412
1616,1.306586981,0.638907671,0.087152436,0.07584697,0.804963708,0.806302786
1618,1.378455877,0.665816724,0.117975749,0.093145981,0.868591011,0.847183347
1620,1.425068021,0.677920997,0.138003007,0.104470663,0.89631635,0.880319834
1622,1.514257669,0.733892262,0.14534758,0.10592626,0.93918258,0.943938732
1624,1.61826694,0.794006586,0.165928587,0.119717583,1.017654538,0.985066175
1626,1.676572442,0.831694663,0.1781037,0.128827244,1.055074811,1.019610763
1628,1.763454556,0.885573983,0.217343271,0.164163113,1.134852529,1.071782112
1630,1.832802176,0.90065217,0.231948137,0.186339214,1.199557066,1.100781441
1632,1.885776877,0.921322763,0.243630916,0.193158016,1.232150793,1.141963124
1634,1.931152225,0.954185724,0.231687233,0.199658975,1.242441177,1.152642727
1636,2.098628998,1.088797092,0.249645174,0.235136747,1.330774069,1.283625007
1638,2.129230499,1.078499317,0.310585767,0.261721194,1.395174384,1.334597349
1640,2.157585382,1.072146535,0.336901844,0.275588393,1.429939032,1.407396793
1642,2.173223734,1.086735845,0.353380919,0.289796561,1.45503509,1.492095232
1644,2.179668903,1.114050508,0.334067881,0.290844798,1.440928698,1.41432941
1646,2.284967899,1.220370293,0.3125965,0.310575664,1.449502826,1.398476601
1648,2.304240465,1.233293295,0.380765527,0.313760072,1.506209731,1.481783748
1650,2.284544468,1.217561841,0.391895622,0.308307409,1.498884559,1.461287379
1652,2.32329011,1.237675667,0.3597579,0.295052648,1.494141579,1.413814664
1654,2.38015008,1.277616382,0.417175412,0.307782888,1.568959355,1.566445112
1656,2.225331545,1.187261224,0.457795501,0.346071631,1.56777823,1.951798558
1658,2.152651072,1.149236202,0.471842527,0.360251635,1.566981554,2.243237972
1660,2.137131453,1.158383369,0.458378881,0.347123563,1.532709599,1.941941619
1662,2.153461456,1.187456369,0.426698118,0.337700874,1.509907007,1.603644609
1664,2.089518785,1.127456903,0.434025794,0.333655745,1.478170753,1.72921145
1666,2.043312311,1.098666906,0.404064,0.31805867,1.427249551,1.589339137
1668,2.068132401,1.120548844,0.351283461,0.305978507,1.379680753,1.222043753
1670,2.047041655,1.117699027,0.320767313,0.297921479,1.337981582,1.047594428
1672,1.964655519,1.050818801,0.346135408,0.279079109,1.303294182,1.035635829
1674,1.93721211,1.051952958,0.327397615,0.264673948,1.259735703,0.990349948
1676,1.827315211,0.989093065,0.325171381,0.245145306,1.220616937,0.962941289
1678,1.766257405,0.941310167,0.315051794,0.233043656,1.178311944,0.905671
1680,1.732455969,0.913713753,0.290563166,0.217642486,1.132076502,0.832163453
1682,1.713396072,0.894984365,0.275328457,0.214085877,1.095755577,0.772603452
1684,1.691221595,0.857802808,0.259735048,0.18227008,1.073913097,0.723836899
1686,1.591918945,0.808240473,0.252380669,0.162642896,1.021915078,0.703770459
1688,1.529997826,0.788254201,0.246822119,0.159203544,0.979027927,0.659997463
1690,1.424731255,0.737662196,0.233441383,0.139418602,0.930560112,0.60498929
1692,1.338692904,0.68650949,0.219997078,0.125416175,0.881549358,0.556883633
1694,1.284073472,0.654043317,0.211629719,0.114435911,0.841184258,0.53960669
1696,1.206139684,0.623538613,0.172679275,0.10909079,0.779307544,0.553296268
1698,1.11023128,0.59677726,0.130343258,0.094375663,0.713599503,0.549804032
1700,0.977324903,0.548115969,0.108119823,0.062141705,0.649517715,0.484192073
1702,0.897285223,0.491868585,0.09078306,0.062811755,0.602384925,0.436776549
1704,0.834221959,0.481735021,0.082061425,0.056021389,0.564351976,0.420242012
1706,0.737110734,0.477464676,0.075897969,0.043070629,0.52267462,0.386227399
1708,0.68254602,0.450186759,0.064442091,0.036240332,0.487847537,0.348885268
1710,0.69375056,0.428567559,0.04863923,0.034821879,0.457832813,0.321121603
1712,0.721002996,0.417398274,0.029208606,0.027461447,0.435864091,0.305363417
1714,0.749404848,0.41828531,0.016142242,0.020344341,0.422243685,0.282138258
1716,0.729304194,0.406056613,0.006988056,0.009284011,0.395711243,0.250259042
1718,0.757698715,0.396539152,0.015597641,0.017011113,0.395683974,0.255392969
1720,0.777778387,0.390574902,0.01856889,0.028110852,0.380464643,0.258877337
1722,0.766427457,0.400410205,0.012767378,0.028553011,0.36824885,0.25695017
1724,0.713575125,0.389143467,0.016677149,0.026136171,0.355531424,0.251337647
1726,0.654662073,0.387191027,0.026310088,0.029802548,0.351961136,0.24095571
1728,0.604389131,0.391728431,0.028563555,0.028483758,0.337425411,0.234536096
1730,0.523690462,0.377121985,0.030030197,0.013507872,0.321868628,0.227681771
1732,0.448637336,0.365212768,0.011350268,-0.003750211,0.310165673,0.214002639
1734,0.39618808,0.342365116,0.014427844,0.008086053,0.298174858,0.201954886
1736,0.397298038,0.33961761,0.028379498,0.00251423,0.292018056,0.186201081
1738,0.386524945,0.335697174,0.027910115,0.002691845,0.280285418,0.177596375
1740,0.390776902,0.332469076,0.023217047,0.016658148,0.279824197,0.182602018
1742,0.37345776,0.331297547,0.009194504,0.020072365,0.265332401,0.172231063
1744,0.351368457,0.330985844,-0.002340654,0.03120587,0.247299701,0.147904605
1746,0.336798936,0.290995508,-0.009742939,0.019273527,0.223129511,0.121603549
1748,0.299167722,0.238545433,0.003128535,0.008596431,0.203349128,0.105216421
1750,0.258902252,0.216992572,0.009303582,-0.009962612,0.185610399,0.095137998
1752,0.230965793,0.217935145,0.015765745,-0.003909424,0.170633987,0.091189571
1754,0.212320194,0.201490641,0.011162466,0.000784959,0.152683347,0.081586555
1756,0.190088734,0.189314067,0.00230188,-0.003198831,0.132289484,0.076292157
1758,0.177370265,0.17302838,0.010408837,0.000548428,0.129783824,0.071932122
1760,0.173377275,0.15714407,0.019885359,0.00917675,0.114102527,0.06694632
1762,0.158464313,0.15861316,0.019326033,-0.00449731,0.101250373,0.065271519
1764,0.139797509,0.135934055,0.006051443,0.000406206,0.098329872,0.0600706
1766,0.123075835,0.119128987,0.00740731,-0.009234875,0.089366771,0.063102975
1768,0.113165885,0.108819865,-0.000268827,-0.021746889,0.074443042,0.069844171
1770,0.091242492,0.095778435,-0.004091098,-0.01301856,0.058817957,0.055324152
1772,0.101334199,0.12594834,-0.001735646,-0.016310642,0.059684884,0.045220476
1774,0.096688665,0.122606166,0.009699306,-0.022158304,0.075475864,0.037705332
1776,0.085202217,0.1114676,0.028602855,-0.008715333,0.072289549,0.043304775
1778,0.087708682,0.124323107,0.033031084,-0.004233208,0.072669096,0.043696962
1780,0.087182909,0.127086058,0.032737207,-0.018012898,0.088841535,0.037501581
1782,0.097131945,0.126094982,0.019710949,-0.03228052,0.074788235,0.04829587
1784,0.103062779,0.140868604,0.022671714,-0.019752564,0.074367777,0.041166611
1786,0.101363368,0.158258721,0.023051169,-0.014365456,0.074526936,0.049815036
1788,0.08995197,0.145762533,0.029603913,-0.002433432,0.080213085,0.045268405
1790,0.062808514,0.102586076,0.032922678,-0.018169254,0.069190666,0.067070119
1792,0.048622943,0.084652901,0.028123254,-0.021421045,0.070845127,0.079618871
1794,0.069542468,0.084426083,0.011562986,-0.024946634,0.059903819,0.058286879
1796,0.093874857,0.116261475,0.014620315,-0.02104211,0.039585371,0.010121319
1798,0.068657458,0.098646097,0.039997045,-0.023514636,0.030771216,0.01777138
2688,0.056289732,0.082657412,0.03672339,-0.025510384,0.024129592,0.029035529
2690,0.03234959,0.051708199,0.030386588,-0.029373536,0.011273427,0.050839487
2692,-0.033685058,-0.033659734,0.012907641,-0.040029358,-0.024188019,0.110981844
2694,-0.011078054,0.039973944,0.109257743,-0.135216713,-0.022497363,0.082928315
2696,0.031234961,0.03095937,-0.007758836,-0.114807732,0.007755112,0.053031512
2698,0.031915136,-0.036690526,0.008793936,-0.048068609,0.077021711,0.049830902
2700,0.032353651,-0.070895545,0.023161188,0.027622797,0.062766738,0.100905292
2702,-0.004341958,-0.029913953,0.027114926,-0.022113392,0.03598398,0.061327867
2704,0.035391446,-0.028902963,0.025757253,-0.042173516,0.044553895,0.035243262
2706,0.046915345,0.002700108,-0.013397181,-0.038638085,0.055098072,0.055529919
2708,0.080254652,0.013482209,-0.024549089,-0.009950559,0.047512662,0.052392107
2710,0.098157845,0.037218109,-0.007535961,-0.04198109,0.031044513,0.062378846
2712,0.092394285,0.017733742,0.011619231,-0.041353732,0.036795646,0.060334817
2714,0.120701715,-0.025884049,-0.003567136,-0.023856411,0.067435414,0.059281047
2716,0.127211213,0.006128593,-0.023323257,-0.004824529,0.073611856,0.07344041
2718,0.112678558,0.025620013,-0.001111228,0.0016535,0.081283107,0.069193192
2720,0.111417271,0.033405665,0.005571135,-0.002752037,0.081049748,0.052171361
2722,0.152207896,0.021212669,0.001310431,0.009203128,0.075637273,0.051442958
2724,0.156182125,0.027951643,0.01481522,-0.003054451,0.05774948,0.058315784
2726,0.154742017,0.024916023,0.018674601,-0.009091599,0.075774275,0.062978469
2728,0.159323856,0.060270492,0.006905917,-0.016637582,0.084779412,0.071700312
2730,0.176098958,0.08034008,-7.80E-05,0.000710341,0.087341502,0.059160456
2732,0.164334431,0.097190619,0.016135167,0.006289532,0.078587346,0.053345073
2734,0.150620177,0.089842051,0.018793235,0.007944023,0.082181916,0.058029208
2736,0.158050805,0.058471832,0.024365511,0.01711289,0.078380547,0.08377929
2738,0.170265779,0.041721888,0.014707153,-0.000413103,0.089013539,0.087023228
2740,0.169081092,0.041511897,0.007851879,-0.017239882,0.101501271,0.095231153
2742,0.172777295,0.024929347,0.003310965,-0.008423312,0.101274386,0.086443208
2744,0.159834146,0.037408423,0.013505666,-0.002856582,0.095217049,0.074788593
2746,0.165154621,0.055656839,-0.005233837,0.00878613,0.102107324,0.081827492
2748,0.180705145,0.066065937,-0.003576504,0.004706841,0.106601119,0.074719086
2750,0.183667064,0.067423798,0.008800363,-0.009691278,0.108901158,0.081089109
2752,0.187682122,0.067356601,0.009020421,0.004678074,0.106887132,0.086295888
2754,0.172745988,0.062512912,0.017588597,0.02150923,0.111024454,0.087994181
2756,0.18654722,0.0683029,0.01018196,0.010246578,0.118842512,0.092089474
2758,0.203903913,0.067566223,0.007896112,0.008629178,0.124223322,0.084497944
2760,0.212869644,0.061818432,0.003025841,0.000997001,0.132141873,0.078828029
2762,0.216715544,0.069742046,0.009357538,0.006411126,0.120168336,0.076126903
2764,0.200958267,0.078226678,0.018684791,0.006314967,0.125342384,0.079466492
2766,0.190026551,0.101190478,0.025381027,0.020648401,0.126977533,0.081350282
2768,0.187508017,0.106460787,0.013857795,0.027239194,0.122988954,0.091789633
2770,0.21160315,0.08473783,0.009060892,0.023598693,0.121979445,0.092948318
2772,0.219016925,0.080201596,0.024898294,0.030208774,0.118084587,0.092918359
2774,0.221472353,0.097111955,0.027985552,0.043686379,0.110745929,0.103162631
2776,0.219743431,0.107101731,0.021274457,0.030024085,0.111202158,0.093844213
2778,0.220701098,0.100012667,0.025366496,0.038559549,0.115649313,0.089126937
2780,0.224191263,0.101664685,0.027338209,0.026995774,0.124488778,0.086530194
2782,0.22725907,0.100478366,0.02495449,0.038012438,0.130219832,0.089724414
2784,0.225220531,0.102350138,0.028584847,0.03887336,0.135218725,0.089366682
2786,0.237626255,0.104577035,0.028552344,0.032555729,0.133419052,0.093294457
2788,0.243178278,0.106863655,0.033425651,0.034583136,0.142051578,0.101913445
2790,0.246431753,0.108959153,0.037166357,0.029730804,0.138005823,0.103606895
2792,0.251516134,0.111711144,0.034726225,0.037438504,0.143224999,0.103054538
2794,0.260734916,0.112599455,0.029074527,0.028470343,0.149368927,0.100550056
2796,0.258731872,0.103917554,0.028925603,0.027095219,0.154556736,0.093017176
2798,0.257116765,0.100736767,0.023821561,0.022987319,0.156836316,0.099121891
2800,0.263389975,0.106553711,0.031756215,0.024064517,0.156210974,0.104213506
2802,0.275542408,0.128451332,0.035794921,0.034735583,0.152974263,0.108381964
2804,0.284821421,0.123915963,0.035877191,0.044467688,0.151203319,0.102489017
2806,0.274778008,0.121991597,0.04289674,0.04900619,0.15275678,0.100820027
2808,0.275791973,0.117102295,0.04497429,0.046500254,0.149538592,0.105550699
2810,0.286276609,0.129067957,0.041854553,0.03562884,0.153406218,0.097976238
2812,0.294113427,0.137887821,0.040357616,0.029530192,0.159637064,0.098078176
2814,0.30950433,0.138508216,0.052032895,0.046193425,0.164364889,0.109032445
2816,0.318677783,0.141356736,0.061277576,0.040216707,0.169449016,0.109370925
2818,0.320901811,0.148630768,0.059182964,0.022924216,0.175235033,0.109417528
2820,0.313984007,0.159176037,0.054209393,0.03299484,0.175457105,0.121868357
2822,0.319392383,0.16603528,0.057824623,0.03165238,0.171172738,0.125026673
2824,0.328258336,0.162794352,0.069485389,0.04186615,0.178606078,0.118741207
2826,0.338818163,0.167709336,0.07949993,0.048024729,0.181234136,0.123892933
2828,0.347333163,0.163390577,0.081536166,0.045650046,0.189732,0.121900707
2830,0.357689202,0.167742729,0.077627979,0.048838597,0.194670498,0.12253952
2832,0.372124434,0.175560966,0.083345719,0.047493067,0.197112337,0.117103942
2834,0.386788249,0.178850755,0.093343496,0.039094895,0.216418505,0.114404984
2836,0.40660584,0.183298901,0.100317076,0.052550044,0.223893866,0.120453492
2838,0.427997559,0.197985858,0.109294474,0.057907231,0.232129768,0.129591435
2840,0.449717611,0.218192682,0.127664983,0.059714038,0.245196208,0.131921962
2842,0.488486409,0.243333042,0.159285933,0.073417246,0.273845404,0.132261127
2844,0.536303818,0.275162548,0.193649799,0.098878711,0.313059568,0.126076221
2846,0.619160056,0.305187166,0.23657389,0.106859788,0.347772181,0.133636802
2848,0.682211161,0.332979888,0.282884121,0.096417159,0.381050795,0.140495092
2850,0.745228767,0.376654208,0.330966115,0.088752307,0.419216782,0.154078871
2852,0.775430977,0.42571637,0.360579014,0.093259849,0.430032432,0.156054899
2854,0.769767761,0.452973545,0.360726893,0.112156242,0.420656055,0.159138441
2856,0.749222815,0.440385342,0.346790671,0.125743479,0.405927837,0.160639018
2858,0.725854158,0.407423824,0.319358438,0.118633382,0.39452669,0.172217011
2860,0.697927237,0.393470973,0.287659943,0.098942034,0.386084199,0.166548267
2862,0.674489975,0.369406372,0.247126713,0.08179538,0.371864051,0.169489428
2864,0.669635177,0.364990056,0.231999055,0.082416125,0.363469929,0.17093055
2866,0.666612864,0.371995687,0.227337897,0.080524258,0.356117666,0.17693302
2868,0.660070479,0.371084005,0.216310576,0.084383219,0.359988391,0.181366041
2870,0.667072713,0.388049364,0.207621619,0.086193539,0.366046041,0.188889325
2872,0.67312187,0.38949576,0.195264891,0.090322509,0.367094487,0.199211925
2874,0.672975123,0.374215126,0.182936773,0.100979283,0.372884512,0.196167603
2876,0.666217864,0.369598866,0.174664199,0.093855232,0.37700972,0.195599526
2878,0.668899596,0.359603226,0.183875605,0.089057416,0.363091826,0.189235032
2880,0.66939342,0.364230633,0.188316941,0.084473588,0.350108594,0.195125282
2882,0.665116727,0.366681606,0.19208923,0.079478458,0.353921264,0.194395185
2884,0.666357696,0.379316062,0.199788034,0.062691107,0.351155311,0.196194485
2886,0.676309764,0.371286213,0.204371169,0.067208603,0.360053122,0.19825615
2888,0.668409586,0.374539912,0.216349244,0.080161601,0.366390705,0.198930115
2890,0.688003361,0.376218766,0.220108226,0.103723899,0.375757694,0.196313947
2892,0.709858954,0.384399027,0.229445055,0.086028382,0.394055098,0.194763154
2894,0.729507864,0.409530193,0.245315507,0.080735147,0.401430517,0.202038303
2896,0.742013454,0.41973421,0.252546012,0.089551769,0.397699445,0.191312358
2898,0.749413192,0.436419368,0.267513037,0.087079935,0.391741306,0.196656689
2900,0.77032882,0.442126304,0.28007701,0.079077922,0.398329437,0.201225981
2902,0.782804728,0.450997889,0.2826294,0.11047218,0.418011457,0.202091649
2904,0.802037835,0.469085097,0.299115956,0.114831522,0.436147511,0.214614406
2906,0.846240997,0.483536243,0.338271022,0.099142767,0.442437589,0.213421568
2908,0.874061763,0.514993429,0.36741358,0.107176676,0.461948633,0.213846952
2910,0.918489158,0.568986833,0.379483581,0.114628963,0.49764666,0.224363372
2912,0.989424586,0.619616389,0.40659076,0.129982248,0.527901292,0.222768545
2914,1.053792,0.656012833,0.443226844,0.125097096,0.560965896,0.223218083
2916,1.105482221,0.661294818,0.489865422,0.159862176,0.58097899,0.233070508
2918,1.178703427,0.727705956,0.541310549,0.173122004,0.613720119,0.236944422
2920,1.226719737,0.806352377,0.59394747,0.160975277,0.633470953,0.251738489
2922,1.207682133,0.831463933,0.609208107,0.137023881,0.62780416,0.27307862
2924,1.209091425,0.846377611,0.625302136,0.104015909,0.633320272,0.283137619
2926,1.231629491,0.877734542,0.64545399,0.136274651,0.647298455,0.28643927
2928,1.184255362,0.88173455,0.612488866,0.17981562,0.640611291,0.275080323
2930,1.171250105,0.853559792,0.561038077,0.17916359,0.616010666,0.283650011
2932,1.149743199,0.827790797,0.510492802,0.197447479,0.585378706,0.278190464
2934,1.132260799,0.778439105,0.478699058,0.194792181,0.57424593,0.272562027
2936,1.093252659,0.749184906,0.445401698,0.199575111,0.548979759,0.274420768
2938,1.037719011,0.743427277,0.408779562,0.201213554,0.538282454,0.281951249
2940,1.014164567,0.714930475,0.408000529,0.19498913,0.538309216,0.283660978
2942,0.985716522,0.708427548,0.364769995,0.180457801,0.532685161,0.297179192
2944,0.940509677,0.712163687,0.314890772,0.116933949,0.490541786,0.304143071
2946,0.916465044,0.719171822,0.292703986,0.098245747,0.47631523,0.296478629
2948,0.926203907,0.686760902,0.301238656,0.171478167,0.450686276,0.283288658
2950,0.926033378,0.650926352,0.297761768,0.168630481,0.44916752,0.278502673
2952,0.91486913,0.658796072,0.293390036,0.128575861,0.455702394,0.291426152
2954,0.89686358,0.58285892,0.250559211,0.107002638,0.45758906,0.290326655
2956,0.87421608,0.593147874,0.210110664,0.085006364,0.471632183,0.315094501
2958,0.87309587,0.597888052,0.223271042,0.082853824,0.478500128,0.300898284
2960,0.842821419,0.588045597,0.215934008,0.093909457,0.425806552,0.263739109
2962,0.846557558,0.585052788,0.197840214,0.09730754,0.382334352,0.255878836
2964,0.770818412,0.508682847,0.201558098,0.064626038,0.366259992,0.249894917
2966,0.698788464,0.440027624,0.151926592,0.037624728,0.338989913,0.300613284
2968,0.632702827,0.449912995,0.083112776,0.053631887,0.295000404,0.274367541
2970,0.634201825,0.395918131,0.072042532,-0.015729945,0.256594747,0.215046644
2972,0.644610584,0.306441516,0.059963405,0.021877408,0.282427788,0.238007903
2974,0.616981149,0.28190136,0.030650653,-0.00839105,0.241828859,0.240856498
2976,0.521219015,0.25663662,0.055939764,-0.006291499,0.18941468,0.254814863
2978,0.423242003,0.223599344,0.0582905,-0.070712604,0.210474998,0.192771018
2980,0.456798196,0.156644389,0.022723505,-0.040116608,0.273932546,0.201851279
2982,0.388824075,0.265143842,0.063249059,0.043714304,0.26601392,0.100700445
2984,0.105980381,0.107154518,0.043165699,0.034922034,0.111143269,0.0246018
2986,0.000121056,0.136553705,0.034151044,-0.018808989,-0.000849652,0.0829513
2988,0.030924827,0.435988039,0.105698504,-0.157588989,0.072115332,0.077450797
2990,0.224296048,0.35073936,0.239992991,-0.361778527,0.0391283,-0.016175939
2992,0.101718113,0.106452122,0.423314422,-0.529107928,-0.095123872,-0.024795309
2994,-0.018206146,0.598171711,0.205380231,-0.099023297,-0.066939123,-0.190773949
2996,0.006164127,0.858270347,0.211549252,0.162234992,-0.168639868,0.044253986
2998,-0.10725759,0.412099719,0.426039815,-0.204667866,-0.243871644,0.163527444
